id	category	source_text	read_text	train_text	est_seconds
x001	erp_long	Öğrenci kayıt ekranında veli bilgileri girilmeden kaydetme butonu aktif hale gelmez.	Öğrenci kayıt ekranında veli bilgileri girilmeden kaydetme butonu aktif hale gelmez.	Öğrenci kayıt ekranında veli bilgileri girilmeden kaydetme butonu aktif hale gelmez.	6.0
x002	erp_long	Yeni eğitim dönemine ait ders programları müdür yardımcısı tarafından onaylandı.	Yeni eğitim dönemine ait ders programları müdür yardımcısı tarafından onaylandı.	Yeni eğitim dönemine ait ders programları müdür yardımcısı tarafından onaylandı.	5.7
x003	erp_long	Personel bordrolarında görülen fark, eksik girilen fazla mesai saatlerinden kaynaklanıyor.	Personel bordrolarında görülen fark, eksik girilen fazla mesai saatlerinden kaynaklanıyor.	Personel bordrolarında görülen fark, eksik girilen fazla mesai saatlerinden kaynaklanıyor.	6.8
x004	erp_long	Satın alma siparişi, tedarikçi teklifleri karşılaştırıldıktan sonra sisteme işlenmelidir.	Satın alma siparişi, tedarikçi teklifleri karşılaştırıldıktan sonra sisteme işlenmelidir.	Satın alma siparişi, tedarikçi teklifleri karşılaştırıldıktan sonra sisteme işlenmelidir.	6.7
x005	erp_long	Depo sayımında tespit edilen eksikler stok düzeltme fişi ile kayıt altına alındı.	Depo sayımında tespit edilen eksikler stok düzeltme fişi ile kayıt altına alındı.	Depo sayımında tespit edilen eksikler stok düzeltme fişi ile kayıt altına alındı.	5.8
x006	erp_long	Banka mutabakatı sırasında eşleşmeyen hareketler ayrı bir listede raporlanmaktadır.	Banka mutabakatı sırasında eşleşmeyen hareketler ayrı bir listede raporlanmaktadır.	Banka mutabakatı sırasında eşleşmeyen hareketler ayrı bir listede raporlanmaktadır.	5.9
x007	erp_long	Öğrenci devamsızlık bilgileri her ders saatinin sonunda öğretmen tarafından girilir.	Öğrenci devamsızlık bilgileri her ders saatinin sonunda öğretmen tarafından girilir.	Öğrenci devamsızlık bilgileri her ders saatinin sonunda öğretmen tarafından girilir.	6.0
x008	erp_long	Gelir tablosu raporu, seçilen dönemdeki tüm gelir ve gider hesaplarını özetler.	Gelir tablosu raporu, seçilen dönemdeki tüm gelir ve gider hesaplarını özetler.	Gelir tablosu raporu, seçilen dönemdeki tüm gelir ve gider hesaplarını özetler.	6.0
x009	erp_long	Sınav sonuçları onaylandıktan sonra velilere otomatik bilgilendirme mesajı gönderilecektir.	Sınav sonuçları onaylandıktan sonra velilere otomatik bilgilendirme mesajı gönderilecektir.	Sınav sonuçları onaylandıktan sonra velilere otomatik bilgilendirme mesajı gönderilecektir.	6.5
x010	erp_long	Kullanıcı yetkileri sistem yöneticisi tarafından rol bazında tanımlanmalı ve düzenli olarak gözden geçirilmelidir.	Kullanıcı yetkileri sistem yöneticisi tarafından rol bazında tanımlanmalı ve düzenli olarak gözden geçirilmelidir.	Kullanıcı yetkileri sistem yöneticisi tarafından rol bazında tanımlanmalı ve düzenli olarak gözden geçirilmelidir.	8.1
x011	erp_long	Müşteri siparişleri depo onayından geçtikten sonra sevkiyat planına otomatik olarak eklenir.	Müşteri siparişleri depo onayından geçtikten sonra sevkiyat planına otomatik olarak eklenir.	Müşteri siparişleri depo onayından geçtikten sonra sevkiyat planına otomatik olarak eklenir.	6.6
x012	erp_long	Amortisman hesaplaması, demirbaş kartında tanımlı faydalı ömür süresine göre yapılır.	Amortisman hesaplaması, demirbaş kartında tanımlı faydalı ömür süresine göre yapılır.	Amortisman hesaplaması, demirbaş kartında tanımlı faydalı ömür süresine göre yapılır.	6.4
x013	erp_long	Bütçe aşımı olan masraf merkezleri yönetim raporunda kırmızı renkle işaretlenmektedir.	Bütçe aşımı olan masraf merkezleri yönetim raporunda kırmızı renkle işaretlenmektedir.	Bütçe aşımı olan masraf merkezleri yönetim raporunda kırmızı renkle işaretlenmektedir.	6.1
x014	erp_long	Okul servis güzergahları değiştiğinde ilgili velilere kısa mesaj ile bilgi verilir.	Okul servis güzergahları değiştiğinde ilgili velilere kısa mesaj ile bilgi verilir.	Okul servis güzergahları değiştiğinde ilgili velilere kısa mesaj ile bilgi verilir.	5.9
x015	erp_long	İade faturası kesildiğinde ilgili stok miktarı depoya otomatik olarak geri eklenir.	İade faturası kesildiğinde ilgili stok miktarı depoya otomatik olarak geri eklenir.	İade faturası kesildiğinde ilgili stok miktarı depoya otomatik olarak geri eklenir.	5.9
x016	erp_long	Öğretmenlerin haftalık ders yükü, ders programı oluşturulurken sistem tarafından kontrol edilir.	Öğretmenlerin haftalık ders yükü, ders programı oluşturulurken sistem tarafından kontrol edilir.	Öğretmenlerin haftalık ders yükü, ders programı oluşturulurken sistem tarafından kontrol edilir.	7.2
x017	erp_long	Kapanmamış siparişler listesinde teslim tarihi geçmiş kayıtlar en üstte görüntülenir.	Kapanmamış siparişler listesinde teslim tarihi geçmiş kayıtlar en üstte görüntülenir.	Kapanmamış siparişler listesinde teslim tarihi geçmiş kayıtlar en üstte görüntülenir.	6.1
x018	erp_long	Kasa sayımı sonucunda oluşan fark, sorumlu personelin açıklamasıyla birlikte kaydedilmelidir.	Kasa sayımı sonucunda oluşan fark, sorumlu personelin açıklamasıyla birlikte kaydedilmelidir.	Kasa sayımı sonucunda oluşan fark, sorumlu personelin açıklamasıyla birlikte kaydedilmelidir.	7.0
x019	erp_long	Veli toplantısı davetleri sınıf öğretmeninin onayıyla birlikte tüm velilere iletilecektir.	Veli toplantısı davetleri sınıf öğretmeninin onayıyla birlikte tüm velilere iletilecektir.	Veli toplantısı davetleri sınıf öğretmeninin onayıyla birlikte tüm velilere iletilecektir.	6.4
x020	erp_long	Tedarikçi performans raporu teslim süresi, kalite ve fiyat kriterlerine göre hazırlanır.	Tedarikçi performans raporu teslim süresi, kalite ve fiyat kriterlerine göre hazırlanır.	Tedarikçi performans raporu teslim süresi, kalite ve fiyat kriterlerine göre hazırlanır.	6.6
x021	erp_long	Yemekhane menüsü her ayın son haftasında bir sonraki ay için sisteme yüklenir.	Yemekhane menüsü her ayın son haftasında bir sonraki ay için sisteme yüklenir.	Yemekhane menüsü her ayın son haftasında bir sonraki ay için sisteme yüklenir.	5.6
x022	erp_long	Çek ve senet takibi ekranında vadesi yaklaşan belgeler ayrıca listelenmektedir.	Çek ve senet takibi ekranında vadesi yaklaşan belgeler ayrıca listelenmektedir.	Çek ve senet takibi ekranında vadesi yaklaşan belgeler ayrıca listelenmektedir.	5.6
x023	erp_long	Öğrenci nakil işlemi tamamlandığında eski okulun kayıtları arşive taşınır.	Öğrenci nakil işlemi tamamlandığında eski okulun kayıtları arşive taşınır.	Öğrenci nakil işlemi tamamlandığında eski okulun kayıtları arşive taşınır.	5.3
x024	erp_long	Çalışanların yıllık izin hakları işe giriş tarihine göre sistem tarafından hesaplanır.	Çalışanların yıllık izin hakları işe giriş tarihine göre sistem tarafından hesaplanır.	Çalışanların yıllık izin hakları işe giriş tarihine göre sistem tarafından hesaplanır.	6.1
x025	erp_long	Fiyat listesi güncellendiğinde açık tekliflerdeki tutarlar otomatik olarak değişmez.	Fiyat listesi güncellendiğinde açık tekliflerdeki tutarlar otomatik olarak değişmez.	Fiyat listesi güncellendiğinde açık tekliflerdeki tutarlar otomatik olarak değişmez.	6.0
x026	erp_long	Ödeme emri, iki farklı yetkilinin onayı alınmadan bankaya gönderilemez.	Ödeme emri, iki farklı yetkilinin onayı alınmadan bankaya gönderilemez.	Ödeme emri, iki farklı yetkilinin onayı alınmadan bankaya gönderilemez.	5.4
x027	erp_long	Ders kitapları dağıtımı tamamlandığında öğrenci kartlarına teslim bilgisi eklenmelidir.	Ders kitapları dağıtımı tamamlandığında öğrenci kartlarına teslim bilgisi eklenmelidir.	Ders kitapları dağıtımı tamamlandığında öğrenci kartlarına teslim bilgisi eklenmelidir.	6.2
x028	erp_long	Üretim emri başlatılmadan önce gerekli hammaddelerin depoda bulunduğu kontrol edilir.	Üretim emri başlatılmadan önce gerekli hammaddelerin depoda bulunduğu kontrol edilir.	Üretim emri başlatılmadan önce gerekli hammaddelerin depoda bulunduğu kontrol edilir.	6.1
x029	erp_long	Kampüsler arası öğrenci transferi için iki müdürlüğün de onayı gerekmektedir.	Kampüsler arası öğrenci transferi için iki müdürlüğün de onayı gerekmektedir.	Kampüsler arası öğrenci transferi için iki müdürlüğün de onayı gerekmektedir.	5.5
x030	erp_long	Gecikmiş tahsilatlar için hatırlatma mesajları her pazartesi sabahı otomatik gönderilir.	Gecikmiş tahsilatlar için hatırlatma mesajları her pazartesi sabahı otomatik gönderilir.	Gecikmiş tahsilatlar için hatırlatma mesajları her pazartesi sabahı otomatik gönderilir.	6.3
x031	erp_long	Sistem yedekleri her gece saat on ikiden sonra ayrı bir sunucuya alınmaktadır.	Sistem yedekleri her gece saat on ikiden sonra ayrı bir sunucuya alınmaktadır.	Sistem yedekleri her gece saat on ikiden sonra ayrı bir sunucuya alınmaktadır.	5.6
x032	erp_long	Kulüp faaliyetlerine katılan öğrencilerin listesi dönem sonunda rehberlik servisine iletilir.	Kulüp faaliyetlerine katılan öğrencilerin listesi dönem sonunda rehberlik servisine iletilir.	Kulüp faaliyetlerine katılan öğrencilerin listesi dönem sonunda rehberlik servisine iletilir.	6.6
x033	erp_long	Sabit kıymet kartlarında bulunan seri numaraları sayım sırasında tek tek kontrol edilmelidir.	Sabit kıymet kartlarında bulunan seri numaraları sayım sırasında tek tek kontrol edilmelidir.	Sabit kıymet kartlarında bulunan seri numaraları sayım sırasında tek tek kontrol edilmelidir.	6.6
x034	erp_long	Yeni kullanıcı hesabı oluşturulduğunda geçici şifre kullanıcının e-posta adresine gönderilir.	Yeni kullanıcı hesabı oluşturulduğunda geçici şifre kullanıcının e posta adresine gönderilir.	Yeni kullanıcı hesabı oluşturulduğunda geçici şifre kullanıcının e posta adresine gönderilir.	6.6
x035	erp_long	Burs başvuruları değerlendirme kurulunun kararından sonra öğrenci hesabına yansıtılır.	Burs başvuruları değerlendirme kurulunun kararından sonra öğrenci hesabına yansıtılır.	Burs başvuruları değerlendirme kurulunun kararından sonra öğrenci hesabına yansıtılır.	6.1
x036	erp_long	Alış faturaları, irsaliye bilgileriyle eşleştirilmeden muhasebe kaydına alınmamalıdır.	Alış faturaları, irsaliye bilgileriyle eşleştirilmeden muhasebe kaydına alınmamalıdır.	Alış faturaları, irsaliye bilgileriyle eşleştirilmeden muhasebe kaydına alınmamalıdır.	6.5
x037	erp_long	Etüt saatleri, öğretmenlerin boş dersleri dikkate alınarak haftalık olarak planlanır.	Etüt saatleri, öğretmenlerin boş dersleri dikkate alınarak haftalık olarak planlanır.	Etüt saatleri, öğretmenlerin boş dersleri dikkate alınarak haftalık olarak planlanır.	6.4
x038	erp_long	Satış temsilcilerinin aylık hedef gerçekleşme oranları yönetim ekranında izlenebilir.	Satış temsilcilerinin aylık hedef gerçekleşme oranları yönetim ekranında izlenebilir.	Satış temsilcilerinin aylık hedef gerçekleşme oranları yönetim ekranında izlenebilir.	6.1
x039	erp_long	Dönem notları açıklanmadan önce tüm derslerin not girişleri tamamlanmış olmalıdır.	Dönem notları açıklanmadan önce tüm derslerin not girişleri tamamlanmış olmalıdır.	Dönem notları açıklanmadan önce tüm derslerin not girişleri tamamlanmış olmalıdır.	5.9
x040	erp_long	Müşteri risk limiti aşıldığında yeni sipariş girişi sistem tarafından engellenir.	Müşteri risk limiti aşıldığında yeni sipariş girişi sistem tarafından engellenir.	Müşteri risk limiti aşıldığında yeni sipariş girişi sistem tarafından engellenir.	5.8
x041	erp_long	Revir kayıtlarında öğrencinin şikayeti, yapılan müdahale ve saat bilgisi tutulur.	Revir kayıtlarında öğrencinin şikayeti, yapılan müdahale ve saat bilgisi tutulur.	Revir kayıtlarında öğrencinin şikayeti, yapılan müdahale ve saat bilgisi tutulur.	6.1
x042	erp_long	Hesap planında yapılan değişiklikler geçmiş dönem kayıtlarını etkilemeyecek şekilde uygulanır.	Hesap planında yapılan değişiklikler geçmiş dönem kayıtlarını etkilemeyecek şekilde uygulanır.	Hesap planında yapılan değişiklikler geçmiş dönem kayıtlarını etkilemeyecek şekilde uygulanır.	6.7
x043	erp_long	Kütüphaneden ödünç alınan kitapların iade tarihi geçtiğinde öğrenciye uyarı gönderilir.	Kütüphaneden ödünç alınan kitapların iade tarihi geçtiğinde öğrenciye uyarı gönderilir.	Kütüphaneden ödünç alınan kitapların iade tarihi geçtiğinde öğrenciye uyarı gönderilir.	6.2
x044	erp_long	Personel performans değerlendirmeleri yılda iki kez yöneticiler tarafından sisteme girilir.	Personel performans değerlendirmeleri yılda iki kez yöneticiler tarafından sisteme girilir.	Personel performans değerlendirmeleri yılda iki kez yöneticiler tarafından sisteme girilir.	6.5
x045	erp_long	Mal kabul sırasında hasarlı bulunan ürünler ayrı bir karantina deposuna alınır.	Mal kabul sırasında hasarlı bulunan ürünler ayrı bir karantina deposuna alınır.	Mal kabul sırasında hasarlı bulunan ürünler ayrı bir karantina deposuna alınır.	5.6
x046	erp_long	Velilerin ödeme planı talepleri muhasebe birimi tarafından en geç iki gün içinde yanıtlanır.	Velilerin ödeme planı talepleri muhasebe birimi tarafından en geç iki gün içinde yanıtlanır.	Velilerin ödeme planı talepleri muhasebe birimi tarafından en geç iki gün içinde yanıtlanır.	6.6
x047	erp_long	Döviz kurları her sabah merkez bankası verilerine göre sisteme aktarılmaktadır.	Döviz kurları her sabah merkez bankası verilerine göre sisteme aktarılmaktadır.	Döviz kurları her sabah merkez bankası verilerine göre sisteme aktarılmaktadır.	5.6
x048	erp_long	Öğrenci karnesinde ders notlarının yanında davranış değerlendirmesi de yer almaktadır.	Öğrenci karnesinde ders notlarının yanında davranış değerlendirmesi de yer almaktadır.	Öğrenci karnesinde ders notlarının yanında davranış değerlendirmesi de yer almaktadır.	6.1
x049	erp_long	Proje bazlı maliyet raporu, her projenin işçilik ve malzeme giderlerini ayrı ayrı gösterir.	Proje bazlı maliyet raporu, her projenin işçilik ve malzeme giderlerini ayrı ayrı gösterir.	Proje bazlı maliyet raporu, her projenin işçilik ve malzeme giderlerini ayrı ayrı gösterir.	6.8
x050	erp_long	Yeni dönem ücret tarifesi yönetim kurulu onayından sonra sisteme tanımlanacaktır.	Yeni dönem ücret tarifesi yönetim kurulu onayından sonra sisteme tanımlanacaktır.	Yeni dönem ücret tarifesi yönetim kurulu onayından sonra sisteme tanımlanacaktır.	5.8
x051	erp_long	Sevk irsaliyesi yazdırılmadan önce araç plakası ve şoför bilgisi girilmelidir.	Sevk irsaliyesi yazdırılmadan önce araç plakası ve şoför bilgisi girilmelidir.	Sevk irsaliyesi yazdırılmadan önce araç plakası ve şoför bilgisi girilmelidir.	5.6
x052	erp_long	Öğretmen nöbet çizelgesi, okul idaresi tarafından her hafta başında yayınlanır.	Öğretmen nöbet çizelgesi, okul idaresi tarafından her hafta başında yayınlanır.	Öğretmen nöbet çizelgesi, okul idaresi tarafından her hafta başında yayınlanır.	6.0
x053	erp_long	Stok değerleme yöntemi dönem içinde değiştirilemez, bu nedenle dikkatli seçilmelidir.	Stok değerleme yöntemi dönem içinde değiştirilemez, bu nedenle dikkatli seçilmelidir.	Stok değerleme yöntemi dönem içinde değiştirilemez, bu nedenle dikkatli seçilmelidir.	6.4
x054	erp_long	Gezi katılım formları veli onayı alınmış öğrenciler için sistem üzerinden oluşturulur.	Gezi katılım formları veli onayı alınmış öğrenciler için sistem üzerinden oluşturulur.	Gezi katılım formları veli onayı alınmış öğrenciler için sistem üzerinden oluşturulur.	6.1
x055	erp_long	Bankadan gelen ekstre dosyası içeri aktarıldığında hareketler otomatik olarak eşleştirilir.	Bankadan gelen ekstre dosyası içeri aktarıldığında hareketler otomatik olarak eşleştirilir.	Bankadan gelen ekstre dosyası içeri aktarıldığında hareketler otomatik olarak eşleştirilir.	6.5
x056	erp_long	Ders seçimi ekranı, kayıt yenileme dönemi boyunca öğrencilerin erişimine açık kalacaktır.	Ders seçimi ekranı, kayıt yenileme dönemi boyunca öğrencilerin erişimine açık kalacaktır.	Ders seçimi ekranı, kayıt yenileme dönemi boyunca öğrencilerin erişimine açık kalacaktır.	6.7
x057	erp_long	Kredi kartı ile yapılan tahsilatlar ertesi iş günü banka hesabına aktarılır.	Kredi kartı ile yapılan tahsilatlar ertesi iş günü banka hesabına aktarılır.	Kredi kartı ile yapılan tahsilatlar ertesi iş günü banka hesabına aktarılır.	5.4
x058	erp_long	Mezun öğrencilerin belgeleri talep edildiğinde öğrenci işleri biriminden hazırlanır.	Mezun öğrencilerin belgeleri talep edildiğinde öğrenci işleri biriminden hazırlanır.	Mezun öğrencilerin belgeleri talep edildiğinde öğrenci işleri biriminden hazırlanır.	6.0
x059	erp_long	Hizmet faturaları, sözleşmede belirtilen dönemler için toplu olarak oluşturulabilir.	Hizmet faturaları, sözleşmede belirtilen dönemler için toplu olarak oluşturulabilir.	Hizmet faturaları, sözleşmede belirtilen dönemler için toplu olarak oluşturulabilir.	6.3
x060	erp_long	Sınıf mevcudu belirlenen kapasiteyi aştığında yeni öğrenci ataması yapılamaz.	Sınıf mevcudu belirlenen kapasiteyi aştığında yeni öğrenci ataması yapılamaz.	Sınıf mevcudu belirlenen kapasiteyi aştığında yeni öğrenci ataması yapılamaz.	5.5
x061	erp_long	Muhasebe dönemi kapatıldıktan sonra geriye dönük kayıt girişi yalnızca yönetici yetkisiyle yapılır.	Muhasebe dönemi kapatıldıktan sonra geriye dönük kayıt girişi yalnızca yönetici yetkisiyle yapılır.	Muhasebe dönemi kapatıldıktan sonra geriye dönük kayıt girişi yalnızca yönetici yetkisiyle yapılır.	7.1
x062	erp_long	Öğrenci sağlık bilgileri yalnızca yetkili personel tarafından görüntülenebilir.	Öğrenci sağlık bilgileri yalnızca yetkili personel tarafından görüntülenebilir.	Öğrenci sağlık bilgileri yalnızca yetkili personel tarafından görüntülenebilir.	5.6
x063	erp_long	Ürün kartında minimum stok seviyesi tanımlandığında otomatik sipariş önerisi oluşturulur.	Ürün kartında minimum stok seviyesi tanımlandığında otomatik sipariş önerisi oluşturulur.	Ürün kartında minimum stok seviyesi tanımlandığında otomatik sipariş önerisi oluşturulur.	6.4
x064	erp_long	Velilerin mobil uygulamadan gönderdiği mazeret dilekçeleri sınıf öğretmenine iletilir.	Velilerin mobil uygulamadan gönderdiği mazeret dilekçeleri sınıf öğretmenine iletilir.	Velilerin mobil uygulamadan gönderdiği mazeret dilekçeleri sınıf öğretmenine iletilir.	6.1
x065	erp_long	Maaş ödemeleri her ayın on beşinde toplu ödeme dosyası ile bankaya gönderilir.	Maaş ödemeleri her ayın on beşinde toplu ödeme dosyası ile bankaya gönderilir.	Maaş ödemeleri her ayın on beşinde toplu ödeme dosyası ile bankaya gönderilir.	5.6
x066	erp_long	Kayıt dondurma talebi onaylandığında öğrencinin ödeme planı da askıya alınır.	Kayıt dondurma talebi onaylandığında öğrencinin ödeme planı da askıya alınır.	Kayıt dondurma talebi onaylandığında öğrencinin ödeme planı da askıya alınır.	5.5
x067	erp_long	Raporlama ekranındaki filtreler kaydedilerek daha sonra tekrar kullanılabilir.	Raporlama ekranındaki filtreler kaydedilerek daha sonra tekrar kullanılabilir.	Raporlama ekranındaki filtreler kaydedilerek daha sonra tekrar kullanılabilir.	5.6
x068	erp_long	Tedarikçiye yapılacak ödemeler vade tarihine göre sıralanarak haftalık olarak planlanır.	Tedarikçiye yapılacak ödemeler vade tarihine göre sıralanarak haftalık olarak planlanır.	Tedarikçiye yapılacak ödemeler vade tarihine göre sıralanarak haftalık olarak planlanır.	6.3
x069	erp_long	Okul kantininde yapılan harcamalar öğrenci kartından otomatik olarak düşülmektedir.	Okul kantininde yapılan harcamalar öğrenci kartından otomatik olarak düşülmektedir.	Okul kantininde yapılan harcamalar öğrenci kartından otomatik olarak düşülmektedir.	5.9
x070	erp_long	Sözleşme bitiş tarihine otuz gün kala ilgili birime hatırlatma bildirimi gönderilir.	Sözleşme bitiş tarihine otuz gün kala ilgili birime hatırlatma bildirimi gönderilir.	Sözleşme bitiş tarihine otuz gün kala ilgili birime hatırlatma bildirimi gönderilir.	6.0
x071	erp_long	Laboratuvar malzemeleri, dönem başında yapılan ihtiyaç listesine göre satın alınır.	Laboratuvar malzemeleri, dönem başında yapılan ihtiyaç listesine göre satın alınır.	Laboratuvar malzemeleri, dönem başında yapılan ihtiyaç listesine göre satın alınır.	6.3
x072	erp_long	Satış faturası iptal edildiğinde bağlı tahsilat kaydı da kontrol edilmelidir.	Satış faturası iptal edildiğinde bağlı tahsilat kaydı da kontrol edilmelidir.	Satış faturası iptal edildiğinde bağlı tahsilat kaydı da kontrol edilmelidir.	5.5
x073	erp_long	Rehberlik görüşmelerinin notları gizli olarak saklanır ve yalnızca danışman tarafından açılabilir.	Rehberlik görüşmelerinin notları gizli olarak saklanır ve yalnızca danışman tarafından açılabilir.	Rehberlik görüşmelerinin notları gizli olarak saklanır ve yalnızca danışman tarafından açılabilir.	7.0
x074	erp_long	Şube bazında hazırlanan satış raporları bölge müdürlüklerine her hafta gönderilmektedir.	Şube bazında hazırlanan satış raporları bölge müdürlüklerine her hafta gönderilmektedir.	Şube bazında hazırlanan satış raporları bölge müdürlüklerine her hafta gönderilmektedir.	6.3
x075	erp_long	Öğrenci kimlik kartları kayıt işlemi tamamlandıktan sonra bir hafta içinde basılır.	Öğrenci kimlik kartları kayıt işlemi tamamlandıktan sonra bir hafta içinde basılır.	Öğrenci kimlik kartları kayıt işlemi tamamlandıktan sonra bir hafta içinde basılır.	5.9
x076	erp_long	Giderlerin masraf merkezlerine dağıtımı ay sonunda belirlenen oranlara göre yapılır.	Giderlerin masraf merkezlerine dağıtımı ay sonunda belirlenen oranlara göre yapılır.	Giderlerin masraf merkezlerine dağıtımı ay sonunda belirlenen oranlara göre yapılır.	6.0
x077	erp_long	Servis aracı şoförlerinin belgeleri her yıl başında yeniden kontrol edilmektedir.	Servis aracı şoförlerinin belgeleri her yıl başında yeniden kontrol edilmektedir.	Servis aracı şoförlerinin belgeleri her yıl başında yeniden kontrol edilmektedir.	5.8
x078	erp_long	Müşteri şikayetleri kayıt altına alındıktan sonra ilgili departmana otomatik yönlendirilir.	Müşteri şikayetleri kayıt altına alındıktan sonra ilgili departmana otomatik yönlendirilir.	Müşteri şikayetleri kayıt altına alındıktan sonra ilgili departmana otomatik yönlendirilir.	6.5
x079	erp_long	Öğretmenler sınav sorularını sisteme yükledikten sonra zümre başkanı onay verir.	Öğretmenler sınav sorularını sisteme yükledikten sonra zümre başkanı onay verir.	Öğretmenler sınav sorularını sisteme yükledikten sonra zümre başkanı onay verir.	5.7
x080	erp_long	Stok hareket raporu seçilen ürünün tüm giriş ve çıkış işlemlerini tarih sırasıyla listeler.	Stok hareket raporu seçilen ürünün tüm giriş ve çıkış işlemlerini tarih sırasıyla listeler.	Stok hareket raporu seçilen ürünün tüm giriş ve çıkış işlemlerini tarih sırasıyla listeler.	6.5
x081	erp_long	Kardeş indirimi, aynı veliye bağlı ikinci öğrenciden itibaren otomatik olarak uygulanır.	Kardeş indirimi, aynı veliye bağlı ikinci öğrenciden itibaren otomatik olarak uygulanır.	Kardeş indirimi, aynı veliye bağlı ikinci öğrenciden itibaren otomatik olarak uygulanır.	6.6
x082	erp_long	Toplu e-posta gönderimi öncesinde alıcı listesinin doğru seçildiğini kontrol ediniz.	Toplu e posta gönderimi öncesinde alıcı listesinin doğru seçildiğini kontrol ediniz.	Toplu e posta gönderimi öncesinde alıcı listesinin doğru seçildiğini kontrol ediniz.	6.0
x083	erp_long	Yazılım lisanslarının yenileme tarihleri bilgi işlem birimi tarafından takip edilmektedir.	Yazılım lisanslarının yenileme tarihleri bilgi işlem birimi tarafından takip edilmektedir.	Yazılım lisanslarının yenileme tarihleri bilgi işlem birimi tarafından takip edilmektedir.	6.4
x084	erp_long	Mesai dışı yapılan çalışmalar birim yöneticisinin onayından sonra bordroya yansıtılır.	Mesai dışı yapılan çalışmalar birim yöneticisinin onayından sonra bordroya yansıtılır.	Mesai dışı yapılan çalışmalar birim yöneticisinin onayından sonra bordroya yansıtılır.	6.1
x085	erp_long	Kayıt ön görüşmesi yapılan aday öğrenciler ayrı bir listede takip edilmektedir.	Kayıt ön görüşmesi yapılan aday öğrenciler ayrı bir listede takip edilmektedir.	Kayıt ön görüşmesi yapılan aday öğrenciler ayrı bir listede takip edilmektedir.	5.6
x086	erp_long	Fatura adresi ile teslimat adresi farklı olduğunda iki adres de siparişe girilmelidir.	Fatura adresi ile teslimat adresi farklı olduğunda iki adres de siparişe girilmelidir.	Fatura adresi ile teslimat adresi farklı olduğunda iki adres de siparişe girilmelidir.	6.1
x087	erp_long	Okul aile birliği bağışları ayrı bir gelir hesabında izlenmekte ve raporlanmaktadır.	Okul aile birliği bağışları ayrı bir gelir hesabında izlenmekte ve raporlanmaktadır.	Okul aile birliği bağışları ayrı bir gelir hesabında izlenmekte ve raporlanmaktadır.	6.0
x088	erp_long	Stokta bulunmayan ürünler için verilen siparişler bekleyen siparişler listesine eklenir.	Stokta bulunmayan ürünler için verilen siparişler bekleyen siparişler listesine eklenir.	Stokta bulunmayan ürünler için verilen siparişler bekleyen siparişler listesine eklenir.	6.3
x089	erp_long	Öğrencilerin etkinlik puanları dönem sonunda karne bilgilerine otomatik olarak aktarılır.	Öğrencilerin etkinlik puanları dönem sonunda karne bilgilerine otomatik olarak aktarılır.	Öğrencilerin etkinlik puanları dönem sonunda karne bilgilerine otomatik olarak aktarılır.	6.4
x090	erp_long	Avans talepleri, personelin maaşından taksitler halinde kesilecek şekilde planlanır.	Avans talepleri, personelin maaşından taksitler halinde kesilecek şekilde planlanır.	Avans talepleri, personelin maaşından taksitler halinde kesilecek şekilde planlanır.	6.3
x091	erp_long	Kampüs girişlerinde kullanılan kart okuyucuların kayıtları güvenlik birimi tarafından incelenir.	Kampüs girişlerinde kullanılan kart okuyucuların kayıtları güvenlik birimi tarafından incelenir.	Kampüs girişlerinde kullanılan kart okuyucuların kayıtları güvenlik birimi tarafından incelenir.	6.9
x092	erp_long	Teklif onaylandığında sistem aynı bilgilerle otomatik olarak bir satış siparişi oluşturur.	Teklif onaylandığında sistem aynı bilgilerle otomatik olarak bir satış siparişi oluşturur.	Teklif onaylandığında sistem aynı bilgilerle otomatik olarak bir satış siparişi oluşturur.	6.4
x093	erp_long	Sınav takvimi açıklandıktan sonra derslik ve gözetmen atamaları tamamlanmalıdır.	Sınav takvimi açıklandıktan sonra derslik ve gözetmen atamaları tamamlanmalıdır.	Sınav takvimi açıklandıktan sonra derslik ve gözetmen atamaları tamamlanmalıdır.	5.7
x094	erp_long	Kur farkı hesaplaması ay sonunda açık kalan döviz bakiyeleri üzerinden yapılır.	Kur farkı hesaplaması ay sonunda açık kalan döviz bakiyeleri üzerinden yapılır.	Kur farkı hesaplaması ay sonunda açık kalan döviz bakiyeleri üzerinden yapılır.	5.6
x095	erp_long	Velilerin iletişim izinleri, kişisel verilerin korunması kapsamında ayrıca kaydedilmektedir.	Velilerin iletişim izinleri, kişisel verilerin korunması kapsamında ayrıca kaydedilmektedir.	Velilerin iletişim izinleri, kişisel verilerin korunması kapsamında ayrıca kaydedilmektedir.	6.9
x096	erp_long	Arızalı demirbaşlar için açılan servis talepleri teknik birim tarafından önceliklendirilir.	Arızalı demirbaşlar için açılan servis talepleri teknik birim tarafından önceliklendirilir.	Arızalı demirbaşlar için açılan servis talepleri teknik birim tarafından önceliklendirilir.	6.5
x097	erp_long	Öğrenci başarı raporu, dönem boyunca alınan tüm sınav notlarının ortalamasını gösterir.	Öğrenci başarı raporu, dönem boyunca alınan tüm sınav notlarının ortalamasını gösterir.	Öğrenci başarı raporu, dönem boyunca alınan tüm sınav notlarının ortalamasını gösterir.	6.6
x098	erp_long	İhracat faturalarında döviz cinsi ve gümrük bilgileri eksiksiz olarak girilmelidir.	İhracat faturalarında döviz cinsi ve gümrük bilgileri eksiksiz olarak girilmelidir.	İhracat faturalarında döviz cinsi ve gümrük bilgileri eksiksiz olarak girilmelidir.	5.9
x099	erp_long	Kurs kayıtları kontenjan dolduğunda otomatik olarak bekleme listesine alınmaktadır.	Kurs kayıtları kontenjan dolduğunda otomatik olarak bekleme listesine alınmaktadır.	Kurs kayıtları kontenjan dolduğunda otomatik olarak bekleme listesine alınmaktadır.	5.9
x100	erp_long	Personelin eğitim sertifikaları özlük dosyasına taranarak eklenmeli ve güncel tutulmalıdır.	Personelin eğitim sertifikaları özlük dosyasına taranarak eklenmeli ve güncel tutulmalıdır.	Personelin eğitim sertifikaları özlük dosyasına taranarak eklenmeli ve güncel tutulmalıdır.	6.5
x101	erp_long	Müşteri cari kartında tanımlı vade süresi siparişlerde varsayılan olarak kullanılır.	Müşteri cari kartında tanımlı vade süresi siparişlerde varsayılan olarak kullanılır.	Müşteri cari kartında tanımlı vade süresi siparişlerde varsayılan olarak kullanılır.	6.0
x102	erp_long	Kayıt yenileme dönemi bittiğinde ödeme yapmayan velilere ikinci hatırlatma gönderilecektir.	Kayıt yenileme dönemi bittiğinde ödeme yapmayan velilere ikinci hatırlatma gönderilecektir.	Kayıt yenileme dönemi bittiğinde ödeme yapmayan velilere ikinci hatırlatma gönderilecektir.	6.5
x103	erp_long	Depo yerleşim planı, ürünlerin raf ve göz bilgilerine göre sistemde tanımlanmıştır.	Depo yerleşim planı, ürünlerin raf ve göz bilgilerine göre sistemde tanımlanmıştır.	Depo yerleşim planı, ürünlerin raf ve göz bilgilerine göre sistemde tanımlanmıştır.	6.3
x104	erp_long	Ödül ve disiplin kayıtları öğrenci dosyasında ayrı bir sekmede gösterilmektedir.	Ödül ve disiplin kayıtları öğrenci dosyasında ayrı bir sekmede gösterilmektedir.	Ödül ve disiplin kayıtları öğrenci dosyasında ayrı bir sekmede gösterilmektedir.	5.7
x105	erp_long	Gelen havale bilgisi açıklama alanındaki öğrenci numarasına göre otomatik eşleştirilir.	Gelen havale bilgisi açıklama alanındaki öğrenci numarasına göre otomatik eşleştirilir.	Gelen havale bilgisi açıklama alanındaki öğrenci numarasına göre otomatik eşleştirilir.	6.2
x106	erp_long	Dönem sonu stok sayımı tamamlanmadan maliyet raporları kesinleşmiş sayılmaz.	Dönem sonu stok sayımı tamamlanmadan maliyet raporları kesinleşmiş sayılmaz.	Dönem sonu stok sayımı tamamlanmadan maliyet raporları kesinleşmiş sayılmaz.	5.4
x107	erp_long	Okul yönetimi, haftalık doluluk raporunu her cuma öğleden sonra incelemektedir.	Okul yönetimi, haftalık doluluk raporunu her cuma öğleden sonra incelemektedir.	Okul yönetimi, haftalık doluluk raporunu her cuma öğleden sonra incelemektedir.	6.0
x108	erp_long	Sipariş onay süreci, tutar sınırına göre bir veya iki yönetici onayı gerektirir.	Sipariş onay süreci, tutar sınırına göre bir veya iki yönetici onayı gerektirir.	Sipariş onay süreci, tutar sınırına göre bir veya iki yönetici onayı gerektirir.	6.1
x109	erp_long	Öğretmenler ödev teslim durumlarını sınıf listesi ekranından topluca güncelleyebilir.	Öğretmenler ödev teslim durumlarını sınıf listesi ekranından topluca güncelleyebilir.	Öğretmenler ödev teslim durumlarını sınıf listesi ekranından topluca güncelleyebilir.	6.1
x110	erp_long	Ticari kart bakiyeleri dönem sonunda müşterilere mutabakat mektubu ile bildirilir.	Ticari kart bakiyeleri dönem sonunda müşterilere mutabakat mektubu ile bildirilir.	Ticari kart bakiyeleri dönem sonunda müşterilere mutabakat mektubu ile bildirilir.	5.9
x111	erp_long	Engelli öğrenciler için hazırlanan bireysel eğitim planları rehberlik servisinde saklanır.	Engelli öğrenciler için hazırlanan bireysel eğitim planları rehberlik servisinde saklanır.	Engelli öğrenciler için hazırlanan bireysel eğitim planları rehberlik servisinde saklanır.	6.4
x112	erp_long	Ürün barkodları, mal kabul sırasında el terminali ile okutularak sisteme girilir.	Ürün barkodları, mal kabul sırasında el terminali ile okutularak sisteme girilir.	Ürün barkodları, mal kabul sırasında el terminali ile okutularak sisteme girilir.	6.1
x113	erp_long	Yeni personel işe başladığında bilgi işlem birimine otomatik bir görev kaydı açılır.	Yeni personel işe başladığında bilgi işlem birimine otomatik bir görev kaydı açılır.	Yeni personel işe başladığında bilgi işlem birimine otomatik bir görev kaydı açılır.	6.0
x114	erp_long	Taksitli satışlarda her taksit için ayrı bir vade tarihi ve tutar oluşturulur.	Taksitli satışlarda her taksit için ayrı bir vade tarihi ve tutar oluşturulur.	Taksitli satışlarda her taksit için ayrı bir vade tarihi ve tutar oluşturulur.	5.6
x115	erp_long	Velilere gönderilen anketlerin sonuçları okul yönetimine özet rapor olarak sunulur.	Velilere gönderilen anketlerin sonuçları okul yönetimine özet rapor olarak sunulur.	Velilere gönderilen anketlerin sonuçları okul yönetimine özet rapor olarak sunulur.	5.9
x116	erp_long	Yetkisiz giriş denemeleri sistem kayıtlarında tutulur ve yöneticilere bildirilir.	Yetkisiz giriş denemeleri sistem kayıtlarında tutulur ve yöneticilere bildirilir.	Yetkisiz giriş denemeleri sistem kayıtlarında tutulur ve yöneticilere bildirilir.	5.8
x117	erp_long	Muhasebe kayıtları, fiş türüne göre ayrı numara serileriyle takip edilmektedir.	Muhasebe kayıtları, fiş türüne göre ayrı numara serileriyle takip edilmektedir.	Muhasebe kayıtları, fiş türüne göre ayrı numara serileriyle takip edilmektedir.	6.0
x118	erp_long	Bahar dönemi ders kayıtları ocak ayının son haftasında başlayacaktır.	Bahar dönemi ders kayıtları ocak ayının son haftasında başlayacaktır.	Bahar dönemi ders kayıtları ocak ayının son haftasında başlayacaktır.	4.9
x119	erp_long	İnsan kaynakları modülünde açık pozisyonlar ve başvuru durumları birlikte izlenebilir.	İnsan kaynakları modülünde açık pozisyonlar ve başvuru durumları birlikte izlenebilir.	İnsan kaynakları modülünde açık pozisyonlar ve başvuru durumları birlikte izlenebilir.	6.1
x120	erp_long	Fatura kesilmeyen sevkiyatlar ay sonunda ayrı bir rapor halinde muhasebeye bildirilir.	Fatura kesilmeyen sevkiyatlar ay sonunda ayrı bir rapor halinde muhasebeye bildirilir.	Fatura kesilmeyen sevkiyatlar ay sonunda ayrı bir rapor halinde muhasebeye bildirilir.	6.1
x121	erp_long	Öğrencilerin servis kullanım bilgileri ödeme planındaki servis ücretiyle eşleştirilir.	Öğrencilerin servis kullanım bilgileri ödeme planındaki servis ücretiyle eşleştirilir.	Öğrencilerin servis kullanım bilgileri ödeme planındaki servis ücretiyle eşleştirilir.	6.1
x122	erp_long	Kalite kontrol sonuçları olumsuz olan partiler satışa açılmadan bloke edilir.	Kalite kontrol sonuçları olumsuz olan partiler satışa açılmadan bloke edilir.	Kalite kontrol sonuçları olumsuz olan partiler satışa açılmadan bloke edilir.	5.5
x123	erp_long	Danışman öğretmen, öğrencinin devamsızlık durumunu haftalık olarak veliye bildirmelidir.	Danışman öğretmen, öğrencinin devamsızlık durumunu haftalık olarak veliye bildirmelidir.	Danışman öğretmen, öğrencinin devamsızlık durumunu haftalık olarak veliye bildirmelidir.	6.6
x124	erp_long	Bütçe revizyonu talepleri yalnızca mali işler müdürünün onayıyla sisteme işlenebilir.	Bütçe revizyonu talepleri yalnızca mali işler müdürünün onayıyla sisteme işlenebilir.	Bütçe revizyonu talepleri yalnızca mali işler müdürünün onayıyla sisteme işlenebilir.	6.1
x125	erp_long	Satın alınan ürünlerin garanti süreleri demirbaş kartında ayrıca belirtilmelidir.	Satın alınan ürünlerin garanti süreleri demirbaş kartında ayrıca belirtilmelidir.	Satın alınan ürünlerin garanti süreleri demirbaş kartında ayrıca belirtilmelidir.	5.8
x126	erp_long	Mezuniyet töreni için katılım listesi öğrenci işleri tarafından hazırlanmaktadır.	Mezuniyet töreni için katılım listesi öğrenci işleri tarafından hazırlanmaktadır.	Mezuniyet töreni için katılım listesi öğrenci işleri tarafından hazırlanmaktadır.	5.8
x127	erp_long	Kullanıcı oturumu belirli bir süre işlem yapılmadığında güvenlik nedeniyle kapatılır.	Kullanıcı oturumu belirli bir süre işlem yapılmadığında güvenlik nedeniyle kapatılır.	Kullanıcı oturumu belirli bir süre işlem yapılmadığında güvenlik nedeniyle kapatılır.	6.1
x128	erp_long	Satış iadeleri onaylanmadan müşteri hesabına alacak kaydı oluşturulamaz.	Satış iadeleri onaylanmadan müşteri hesabına alacak kaydı oluşturulamaz.	Satış iadeleri onaylanmadan müşteri hesabına alacak kaydı oluşturulamaz.	5.1
x129	erp_long	Okul öncesi sınıflarda günlük beslenme ve uyku bilgileri velilerle paylaşılmaktadır.	Okul öncesi sınıflarda günlük beslenme ve uyku bilgileri velilerle paylaşılmaktadır.	Okul öncesi sınıflarda günlük beslenme ve uyku bilgileri velilerle paylaşılmaktadır.	6.0
x130	erp_long	Kesilen faturalar, gün sonunda toplu olarak elektronik ortamda gönderilmektedir.	Kesilen faturalar, gün sonunda toplu olarak elektronik ortamda gönderilmektedir.	Kesilen faturalar, gün sonunda toplu olarak elektronik ortamda gönderilmektedir.	6.1
x131	erp_long	Yıllık izin talebi onaylandığında çalışanın kalan izin günü sistemde güncellenir.	Yıllık izin talebi onaylandığında çalışanın kalan izin günü sistemde güncellenir.	Yıllık izin talebi onaylandığında çalışanın kalan izin günü sistemde güncellenir.	5.8
x132	erp_long	Ürün grubu bazında hazırlanan karlılık raporu satış yönetimine her ay sunulur.	Ürün grubu bazında hazırlanan karlılık raporu satış yönetimine her ay sunulur.	Ürün grubu bazında hazırlanan karlılık raporu satış yönetimine her ay sunulur.	5.6
x133	erp_long	Destek talepleri öncelik seviyesine göre sıralanarak ilgili uzmana atanmaktadır.	Destek talepleri öncelik seviyesine göre sıralanarak ilgili uzmana atanmaktadır.	Destek talepleri öncelik seviyesine göre sıralanarak ilgili uzmana atanmaktadır.	5.7
x134	erp_long	Öğrenci kayıt sözleşmesi imzalanmadan ilk taksit tahsil edilmemelidir.	Öğrenci kayıt sözleşmesi imzalanmadan ilk taksit tahsil edilmemelidir.	Öğrenci kayıt sözleşmesi imzalanmadan ilk taksit tahsil edilmemelidir.	5.0
x135	erp_long	Gider tahakkukları ay sonunda tahmini tutarlar üzerinden muhasebeleştirilir.	Gider tahakkukları ay sonunda tahmini tutarlar üzerinden muhasebeleştirilir.	Gider tahakkukları ay sonunda tahmini tutarlar üzerinden muhasebeleştirilir.	5.4
x136	erp_long	Kayıp eşya bildirimleri güvenlik biriminde kayıt altına alınarak sahiplerine duyurulur.	Kayıp eşya bildirimleri güvenlik biriminde kayıt altına alınarak sahiplerine duyurulur.	Kayıp eşya bildirimleri güvenlik biriminde kayıt altına alınarak sahiplerine duyurulur.	6.2
x137	erp_long	Tedarikçi sözleşmelerinde belirtilen fiyatlar sipariş ekranında otomatik olarak getirilir.	Tedarikçi sözleşmelerinde belirtilen fiyatlar sipariş ekranında otomatik olarak getirilir.	Tedarikçi sözleşmelerinde belirtilen fiyatlar sipariş ekranında otomatik olarak getirilir.	6.4
x138	erp_long	Sınıf geçme durumları, yıl sonu notları girildikten sonra sistem tarafından hesaplanır.	Sınıf geçme durumları, yıl sonu notları girildikten sonra sistem tarafından hesaplanır.	Sınıf geçme durumları, yıl sonu notları girildikten sonra sistem tarafından hesaplanır.	6.6
x139	erp_long	Merkez depodan şubelere yapılan sevkiyatlar transfer fişi ile takip edilmektedir.	Merkez depodan şubelere yapılan sevkiyatlar transfer fişi ile takip edilmektedir.	Merkez depodan şubelere yapılan sevkiyatlar transfer fişi ile takip edilmektedir.	5.8
x140	erp_long	Velinin birden fazla telefon numarası varsa öncelikli numara ayrıca işaretlenmelidir.	Velinin birden fazla telefon numarası varsa öncelikli numara ayrıca işaretlenmelidir.	Velinin birden fazla telefon numarası varsa öncelikli numara ayrıca işaretlenmelidir.	6.1
x141	erp_long	Toplu not girişi için hazırlanan şablon dosyası öğretmenlerin kullanımına açılmıştır.	Toplu not girişi için hazırlanan şablon dosyası öğretmenlerin kullanımına açılmıştır.	Toplu not girişi için hazırlanan şablon dosyası öğretmenlerin kullanımına açılmıştır.	6.1
x142	erp_long	Satıcı faturalarındaki vergi tutarları beyanname öncesinde ayrıca kontrol edilmelidir.	Satıcı faturalarındaki vergi tutarları beyanname öncesinde ayrıca kontrol edilmelidir.	Satıcı faturalarındaki vergi tutarları beyanname öncesinde ayrıca kontrol edilmelidir.	6.1
x143	erp_long	Okul bahçesindeki onarım çalışmaları nedeniyle teneffüsler spor salonunda yapılacaktır.	Okul bahçesindeki onarım çalışmaları nedeniyle teneffüsler spor salonunda yapılacaktır.	Okul bahçesindeki onarım çalışmaları nedeniyle teneffüsler spor salonunda yapılacaktır.	6.2
x144	erp_long	Fiyat farkı faturaları, ilgili orijinal fatura numarası belirtilerek düzenlenmelidir.	Fiyat farkı faturaları, ilgili orijinal fatura numarası belirtilerek düzenlenmelidir.	Fiyat farkı faturaları, ilgili orijinal fatura numarası belirtilerek düzenlenmelidir.	6.4
x145	erp_long	Öğrenci velisinin değişmesi durumunda eski velinin sistem erişimi derhal kapatılır.	Öğrenci velisinin değişmesi durumunda eski velinin sistem erişimi derhal kapatılır.	Öğrenci velisinin değişmesi durumunda eski velinin sistem erişimi derhal kapatılır.	5.9
x146	erp_long	Gelecek dönem için hazırlanan nakit akış tahmini haftalık olarak güncellenmektedir.	Gelecek dönem için hazırlanan nakit akış tahmini haftalık olarak güncellenmektedir.	Gelecek dönem için hazırlanan nakit akış tahmini haftalık olarak güncellenmektedir.	5.9
x147	erp_long	Eğitim materyalleri sipariş edilmeden önce zümre öğretmenlerinin görüşü alınır.	Eğitim materyalleri sipariş edilmeden önce zümre öğretmenlerinin görüşü alınır.	Eğitim materyalleri sipariş edilmeden önce zümre öğretmenlerinin görüşü alınır.	5.6
x148	erp_long	Hatalı girilen stok kodları düzeltilmeden sayım sonuçları sisteme aktarılamaz.	Hatalı girilen stok kodları düzeltilmeden sayım sonuçları sisteme aktarılamaz.	Hatalı girilen stok kodları düzeltilmeden sayım sonuçları sisteme aktarılamaz.	5.6
x149	erp_long	Akşam etütlerine katılan öğrencilerin listesi nöbetçi öğretmene her gün iletilir.	Akşam etütlerine katılan öğrencilerin listesi nöbetçi öğretmene her gün iletilir.	Akşam etütlerine katılan öğrencilerin listesi nöbetçi öğretmene her gün iletilir.	5.8
x150	erp_long	Kayıtlı kullanıcıların son giriş tarihleri yönetim panelinden görüntülenebilir.	Kayıtlı kullanıcıların son giriş tarihleri yönetim panelinden görüntülenebilir.	Kayıtlı kullanıcıların son giriş tarihleri yönetim panelinden görüntülenebilir.	5.6
x151	erp_long	Şirket araçlarının yakıt giderleri plaka bazında aylık olarak raporlanmaktadır.	Şirket araçlarının yakıt giderleri plaka bazında aylık olarak raporlanmaktadır.	Şirket araçlarının yakıt giderleri plaka bazında aylık olarak raporlanmaktadır.	5.6
x152	erp_long	Öğretmen değerlendirme anketleri dönem sonunda öğrencilerin erişimine açılacaktır.	Öğretmen değerlendirme anketleri dönem sonunda öğrencilerin erişimine açılacaktır.	Öğretmen değerlendirme anketleri dönem sonunda öğrencilerin erişimine açılacaktır.	5.9
x153	erp_long	Kısmi teslim edilen siparişlerde kalan miktar açık sipariş olarak izlenmeye devam eder.	Kısmi teslim edilen siparişlerde kalan miktar açık sipariş olarak izlenmeye devam eder.	Kısmi teslim edilen siparişlerde kalan miktar açık sipariş olarak izlenmeye devam eder.	6.2
x154	erp_long	Yardımcı personelin vardiya planları her ayın son haftasında yayınlanmaktadır.	Yardımcı personelin vardiya planları her ayın son haftasında yayınlanmaktadır.	Yardımcı personelin vardiya planları her ayın son haftasında yayınlanmaktadır.	5.6
x155	erp_long	Gelen evraklar taranarak ilgili birimin dijital arşiv klasörüne kaydedilir.	Gelen evraklar taranarak ilgili birimin dijital arşiv klasörüne kaydedilir.	Gelen evraklar taranarak ilgili birimin dijital arşiv klasörüne kaydedilir.	5.4
x156	erp_long	Kayıtlı öğrencilerin adres bilgileri servis planlaması için düzenli olarak güncellenir.	Kayıtlı öğrencilerin adres bilgileri servis planlaması için düzenli olarak güncellenir.	Kayıtlı öğrencilerin adres bilgileri servis planlaması için düzenli olarak güncellenir.	6.2
x157	erp_long	Mali tablolar bağımsız denetim öncesinde muhasebe müdürü tarafından gözden geçirilir.	Mali tablolar bağımsız denetim öncesinde muhasebe müdürü tarafından gözden geçirilir.	Mali tablolar bağımsız denetim öncesinde muhasebe müdürü tarafından gözden geçirilir.	6.1
x158	erp_long	Yaz okulu başvuruları haziran ayının ilk haftasında çevrim içi olarak alınacaktır.	Yaz okulu başvuruları haziran ayının ilk haftasında çevrim içi olarak alınacaktır.	Yaz okulu başvuruları haziran ayının ilk haftasında çevrim içi olarak alınacaktır.	5.9
x159	erp_long	Müşteri temsilcisi değiştiğinde açık teklifler yeni temsilciye otomatik devredilir.	Müşteri temsilcisi değiştiğinde açık teklifler yeni temsilciye otomatik devredilir.	Müşteri temsilcisi değiştiğinde açık teklifler yeni temsilciye otomatik devredilir.	5.9
x160	erp_long	Laboratuvar dersleri için malzeme talepleri en az bir hafta önceden girilmelidir.	Laboratuvar dersleri için malzeme talepleri en az bir hafta önceden girilmelidir.	Laboratuvar dersleri için malzeme talepleri en az bir hafta önceden girilmelidir.	5.8
x161	erp_long	Banka komisyon giderleri her ay sonunda ilgili gider hesabına aktarılmaktadır.	Banka komisyon giderleri her ay sonunda ilgili gider hesabına aktarılmaktadır.	Banka komisyon giderleri her ay sonunda ilgili gider hesabına aktarılmaktadır.	5.6
x162	erp_long	Öğrencinin daha önce aldığı burs bilgileri yeni başvuru değerlendirmesinde dikkate alınır.	Öğrencinin daha önce aldığı burs bilgileri yeni başvuru değerlendirmesinde dikkate alınır.	Öğrencinin daha önce aldığı burs bilgileri yeni başvuru değerlendirmesinde dikkate alınır.	6.4
x163	erp_long	Ambalaj malzemeleri stokları üretim planına göre her hafta yeniden hesaplanır.	Ambalaj malzemeleri stokları üretim planına göre her hafta yeniden hesaplanır.	Ambalaj malzemeleri stokları üretim planına göre her hafta yeniden hesaplanır.	5.6
x164	erp_long	Sınav kağıtları değerlendirildikten sonra öğrencilere sistem üzerinden gösterilecektir.	Sınav kağıtları değerlendirildikten sonra öğrencilere sistem üzerinden gösterilecektir.	Sınav kağıtları değerlendirildikten sonra öğrencilere sistem üzerinden gösterilecektir.	6.2
x165	erp_long	İşten ayrılan personelin hesapları ayrılış tarihinde sistem tarafından devre dışı bırakılır.	İşten ayrılan personelin hesapları ayrılış tarihinde sistem tarafından devre dışı bırakılır.	İşten ayrılan personelin hesapları ayrılış tarihinde sistem tarafından devre dışı bırakılır.	6.6
x166	erp_long	Satış kampanyaları başlangıç ve bitiş tarihleri tanımlanarak sisteme girilmelidir.	Satış kampanyaları başlangıç ve bitiş tarihleri tanımlanarak sisteme girilmelidir.	Satış kampanyaları başlangıç ve bitiş tarihleri tanımlanarak sisteme girilmelidir.	5.9
x167	erp_long	Okul hemşiresi aşı takvimini velilere yazılı bilgilendirme ile birlikte duyurmaktadır.	Okul hemşiresi aşı takvimini velilere yazılı bilgilendirme ile birlikte duyurmaktadır.	Okul hemşiresi aşı takvimini velilere yazılı bilgilendirme ile birlikte duyurmaktadır.	6.1
x168	erp_long	Doküman yönetim sisteminde her belgenin sürüm geçmişi ayrıca saklanmaktadır.	Doküman yönetim sisteminde her belgenin sürüm geçmişi ayrıca saklanmaktadır.	Doküman yönetim sisteminde her belgenin sürüm geçmişi ayrıca saklanmaktadır.	5.4
x169	erp_long	Tedarik süresi uzun olan ürünler için sipariş noktası daha yüksek belirlenmelidir.	Tedarik süresi uzun olan ürünler için sipariş noktası daha yüksek belirlenmelidir.	Tedarik süresi uzun olan ürünler için sipariş noktası daha yüksek belirlenmelidir.	5.9
x170	erp_long	Kayıt iptali durumunda ödenen tutarın iadesi sözleşme koşullarına göre hesaplanır.	Kayıt iptali durumunda ödenen tutarın iadesi sözleşme koşullarına göre hesaplanır.	Kayıt iptali durumunda ödenen tutarın iadesi sözleşme koşullarına göre hesaplanır.	5.9
x171	erp_long	Görev tanımları güncellendiğinde ilgili personel sistem üzerinden bilgilendirilmektedir.	Görev tanımları güncellendiğinde ilgili personel sistem üzerinden bilgilendirilmektedir.	Görev tanımları güncellendiğinde ilgili personel sistem üzerinden bilgilendirilmektedir.	6.3
x172	erp_long	Müşteri bazında indirim oranları yalnızca satış müdürü tarafından değiştirilebilir.	Müşteri bazında indirim oranları yalnızca satış müdürü tarafından değiştirilebilir.	Müşteri bazında indirim oranları yalnızca satış müdürü tarafından değiştirilebilir.	5.9
x173	erp_long	Sınıf öğretmenleri veli görüşmelerinin özetini görüşme sonrasında sisteme kaydetmelidir.	Sınıf öğretmenleri veli görüşmelerinin özetini görüşme sonrasında sisteme kaydetmelidir.	Sınıf öğretmenleri veli görüşmelerinin özetini görüşme sonrasında sisteme kaydetmelidir.	6.3
x174	erp_long	Gecikme faizi, vadesi geçen tutarlar için gün sayısına göre otomatik olarak hesaplanır.	Gecikme faizi, vadesi geçen tutarlar için gün sayısına göre otomatik olarak hesaplanır.	Gecikme faizi, vadesi geçen tutarlar için gün sayısına göre otomatik olarak hesaplanır.	6.6
x175	erp_long	Kırtasiye siparişleri her birimin talepleri birleştirilerek tek seferde verilmektedir.	Kırtasiye siparişleri her birimin talepleri birleştirilerek tek seferde verilmektedir.	Kırtasiye siparişleri her birimin talepleri birleştirilerek tek seferde verilmektedir.	6.1
x176	erp_long	Ders yoklamaları alınmadan öğretmenin günlük ders kaydı tamamlanmış sayılmaz.	Ders yoklamaları alınmadan öğretmenin günlük ders kaydı tamamlanmış sayılmaz.	Ders yoklamaları alınmadan öğretmenin günlük ders kaydı tamamlanmış sayılmaz.	5.5
x177	erp_long	Sevkiyat sırasında oluşan hasarlar için sigorta şirketine tutanak ile bildirim yapılır.	Sevkiyat sırasında oluşan hasarlar için sigorta şirketine tutanak ile bildirim yapılır.	Sevkiyat sırasında oluşan hasarlar için sigorta şirketine tutanak ile bildirim yapılır.	6.2
x178	erp_long	Öğrenci velileri, mobil uygulama üzerinden ödeme geçmişlerini görüntüleyebilmektedir.	Öğrenci velileri, mobil uygulama üzerinden ödeme geçmişlerini görüntüleyebilmektedir.	Öğrenci velileri, mobil uygulama üzerinden ödeme geçmişlerini görüntüleyebilmektedir.	6.4
x179	erp_long	Yeni ürün kartı açılırken ölçü birimi ve vergi oranı mutlaka seçilmelidir.	Yeni ürün kartı açılırken ölçü birimi ve vergi oranı mutlaka seçilmelidir.	Yeni ürün kartı açılırken ölçü birimi ve vergi oranı mutlaka seçilmelidir.	5.3
x180	erp_long	Okul kütüphanesine bağışlanan kitaplar envantere kaydedildikten sonra rafa yerleştirilir.	Okul kütüphanesine bağışlanan kitaplar envantere kaydedildikten sonra rafa yerleştirilir.	Okul kütüphanesine bağışlanan kitaplar envantere kaydedildikten sonra rafa yerleştirilir.	6.4
x181	erp_long	Toplantı tutanakları, katılımcıların onayından sonra ortak klasörde paylaşılmaktadır.	Toplantı tutanakları, katılımcıların onayından sonra ortak klasörde paylaşılmaktadır.	Toplantı tutanakları, katılımcıların onayından sonra ortak klasörde paylaşılmaktadır.	6.4
x182	erp_long	Taşeron firmalarla yapılan sözleşmelerin teminat mektupları ayrıca takip edilmelidir.	Taşeron firmalarla yapılan sözleşmelerin teminat mektupları ayrıca takip edilmelidir.	Taşeron firmalarla yapılan sözleşmelerin teminat mektupları ayrıca takip edilmelidir.	6.1
x183	erp_long	Hazırlık sınıfı öğrencilerinin seviye tespit sınavı eylül ayının ilk günü yapılacaktır.	Hazırlık sınıfı öğrencilerinin seviye tespit sınavı eylül ayının ilk günü yapılacaktır.	Hazırlık sınıfı öğrencilerinin seviye tespit sınavı eylül ayının ilk günü yapılacaktır.	6.2
x184	erp_long	Ödeme planı değiştirildiğinde veliye güncel taksit tablosu e-posta ile gönderilir.	Ödeme planı değiştirildiğinde veliye güncel taksit tablosu e posta ile gönderilir.	Ödeme planı değiştirildiğinde veliye güncel taksit tablosu e posta ile gönderilir.	5.9
x185	erp_long	Fiziksel stok ile sistem stoğu arasındaki farklar sayım raporunda ayrıca gösterilir.	Fiziksel stok ile sistem stoğu arasındaki farklar sayım raporunda ayrıca gösterilir.	Fiziksel stok ile sistem stoğu arasındaki farklar sayım raporunda ayrıca gösterilir.	6.0
x186	erp_long	Kayıt ekranındaki zorunlu alanlar kırmızı yıldız işaretiyle belirtilmektedir.	Kayıt ekranındaki zorunlu alanlar kırmızı yıldız işaretiyle belirtilmektedir.	Kayıt ekranındaki zorunlu alanlar kırmızı yıldız işaretiyle belirtilmektedir.	5.5
x187	erp_long	Satın alma talepleri, bütçe kalemi seçilmeden onay sürecine gönderilemez.	Satın alma talepleri, bütçe kalemi seçilmeden onay sürecine gönderilemez.	Satın alma talepleri, bütçe kalemi seçilmeden onay sürecine gönderilemez.	5.6
x188	erp_long	Öğrenci kulüplerinin yıllık faaliyet planları ekim ayı sonuna kadar teslim edilmelidir.	Öğrenci kulüplerinin yıllık faaliyet planları ekim ayı sonuna kadar teslim edilmelidir.	Öğrenci kulüplerinin yıllık faaliyet planları ekim ayı sonuna kadar teslim edilmelidir.	6.2
x189	erp_long	Kredi limitini aşan müşterilerin siparişleri finans biriminin onayına düşmektedir.	Kredi limitini aşan müşterilerin siparişleri finans biriminin onayına düşmektedir.	Kredi limitini aşan müşterilerin siparişleri finans biriminin onayına düşmektedir.	5.9
x190	erp_long	Okul binasındaki enerji tüketimi aylık olarak teknik birim tarafından raporlanır.	Okul binasındaki enerji tüketimi aylık olarak teknik birim tarafından raporlanır.	Okul binasındaki enerji tüketimi aylık olarak teknik birim tarafından raporlanır.	5.8
x191	erp_long	Yeni dönemde kullanılacak ders kitaplarının listesi velilere ağustos ayında duyurulacaktır.	Yeni dönemde kullanılacak ders kitaplarının listesi velilere ağustos ayında duyurulacaktır.	Yeni dönemde kullanılacak ders kitaplarının listesi velilere ağustos ayında duyurulacaktır.	6.5
x192	erp_long	Personelin kıdem bilgileri, tazminat hesaplamasında esas alınmak üzere sistemde tutulur.	Personelin kıdem bilgileri, tazminat hesaplamasında esas alınmak üzere sistemde tutulur.	Personelin kıdem bilgileri, tazminat hesaplamasında esas alınmak üzere sistemde tutulur.	6.6
x193	erp_long	Bekleyen onaylar ekranı, yöneticinin onayını bekleyen tüm belgeleri bir arada gösterir.	Bekleyen onaylar ekranı, yöneticinin onayını bekleyen tüm belgeleri bir arada gösterir.	Bekleyen onaylar ekranı, yöneticinin onayını bekleyen tüm belgeleri bir arada gösterir.	6.6
x194	erp_long	Velilerin sisteme kayıtlı e-posta adresleri yılda bir kez doğrulama için kontrol edilir.	Velilerin sisteme kayıtlı e posta adresleri yılda bir kez doğrulama için kontrol edilir.	Velilerin sisteme kayıtlı e posta adresleri yılda bir kez doğrulama için kontrol edilir.	6.3
x195	erp_long	Hammadde fiyatlarındaki artış ürün maliyet kartlarına ay sonunda yansıtılmaktadır.	Hammadde fiyatlarındaki artış ürün maliyet kartlarına ay sonunda yansıtılmaktadır.	Hammadde fiyatlarındaki artış ürün maliyet kartlarına ay sonunda yansıtılmaktadır.	5.9
x196	erp_long	Öğrencilerin kütüphane borçları mezuniyet işlemlerinden önce kapatılmalıdır.	Öğrencilerin kütüphane borçları mezuniyet işlemlerinden önce kapatılmalıdır.	Öğrencilerin kütüphane borçları mezuniyet işlemlerinden önce kapatılmalıdır.	5.4
x197	erp_long	Gün sonu raporu, kasada bulunan nakit ve kredi kartı tahsilatlarını ayrı ayrı listeler.	Gün sonu raporu, kasada bulunan nakit ve kredi kartı tahsilatlarını ayrı ayrı listeler.	Gün sonu raporu, kasada bulunan nakit ve kredi kartı tahsilatlarını ayrı ayrı listeler.	6.6
x198	erp_long	Yetki değişiklikleri, bilgi güvenliği politikası gereğince kayıt altına alınmaktadır.	Yetki değişiklikleri, bilgi güvenliği politikası gereğince kayıt altına alınmaktadır.	Yetki değişiklikleri, bilgi güvenliği politikası gereğince kayıt altına alınmaktadır.	6.4
x199	erp_long	Sınav salonlarına yerleştirme listesi sınavdan iki gün önce öğrencilere duyurulur.	Sınav salonlarına yerleştirme listesi sınavdan iki gün önce öğrencilere duyurulur.	Sınav salonlarına yerleştirme listesi sınavdan iki gün önce öğrencilere duyurulur.	5.9
x200	erp_long	Dönem içinde açılan yeni şubelerin hesap kodları merkezden tanımlanmaktadır.	Dönem içinde açılan yeni şubelerin hesap kodları merkezden tanımlanmaktadır.	Dönem içinde açılan yeni şubelerin hesap kodları merkezden tanımlanmaktadır.	5.4
x201	general_long	Bu sabah trafik çok yoğun olduğu için toplantıya biraz geç kalabilirim.	Bu sabah trafik çok yoğun olduğu için toplantıya biraz geç kalabilirim.	Bu sabah trafik çok yoğun olduğu için toplantıya biraz geç kalabilirim.	5.1
x202	general_long	Hafta sonu yapılacak bakım çalışması sırasında sisteme erişim mümkün olmayacaktır.	Hafta sonu yapılacak bakım çalışması sırasında sisteme erişim mümkün olmayacaktır.	Hafta sonu yapılacak bakım çalışması sırasında sisteme erişim mümkün olmayacaktır.	5.9
x203	general_long	Yeni çalışma arkadaşımız önümüzdeki pazartesi günü ekibimize katılacak.	Yeni çalışma arkadaşımız önümüzdeki pazartesi günü ekibimize katılacak.	Yeni çalışma arkadaşımız önümüzdeki pazartesi günü ekibimize katılacak.	5.1
x204	general_long	Kış aylarında okul binasının ısıtma sistemi sabah altıda çalıştırılmaktadır.	Kış aylarında okul binasının ısıtma sistemi sabah altıda çalıştırılmaktadır.	Kış aylarında okul binasının ısıtma sistemi sabah altıda çalıştırılmaktadır.	5.4
x205	general_long	Eğitim seminerine katılmak isteyen öğretmenlerin isimlerini cuma gününe kadar bekliyoruz.	Eğitim seminerine katılmak isteyen öğretmenlerin isimlerini cuma gününe kadar bekliyoruz.	Eğitim seminerine katılmak isteyen öğretmenlerin isimlerini cuma gününe kadar bekliyoruz.	6.4
x206	general_long	Ofisin ikinci katındaki toplantı salonu bu hafta boyunca tadilatta olacak.	Ofisin ikinci katındaki toplantı salonu bu hafta boyunca tadilatta olacak.	Ofisin ikinci katındaki toplantı salonu bu hafta boyunca tadilatta olacak.	5.3
x207	general_long	Yarın yapılacak tatbikat sırasında tüm personelin bina dışına çıkması gerekmektedir.	Yarın yapılacak tatbikat sırasında tüm personelin bina dışına çıkması gerekmektedir.	Yarın yapılacak tatbikat sırasında tüm personelin bina dışına çıkması gerekmektedir.	6.0
x208	general_long	Proje ekibi, ilk teslimatı planlanan tarihten bir hafta önce tamamlamayı hedefliyor.	Proje ekibi, ilk teslimatı planlanan tarihten bir hafta önce tamamlamayı hedefliyor.	Proje ekibi, ilk teslimatı planlanan tarihten bir hafta önce tamamlamayı hedefliyor.	6.3
x209	general_long	Okulumuzun bahar şenliği bu yıl mayıs ayının son cumartesi günü yapılacak.	Okulumuzun bahar şenliği bu yıl mayıs ayının son cumartesi günü yapılacak.	Okulumuzun bahar şenliği bu yıl mayıs ayının son cumartesi günü yapılacak.	5.3
x210	general_long	Yaz tatili boyunca sınıfların boyası yenilenecek ve sıralar değiştirilecektir.	Yaz tatili boyunca sınıfların boyası yenilenecek ve sıralar değiştirilecektir.	Yaz tatili boyunca sınıfların boyası yenilenecek ve sıralar değiştirilecektir.	5.6
x211	general_long	Öğle arasında kantinin önünde uzun kuyruklar oluştuğu için yeni bir kasa açıldı.	Öğle arasında kantinin önünde uzun kuyruklar oluştuğu için yeni bir kasa açıldı.	Öğle arasında kantinin önünde uzun kuyruklar oluştuğu için yeni bir kasa açıldı.	5.7
x212	general_long	Sunum dosyasını toplantıdan önce tüm katılımcılarla paylaşmayı unutmayalım.	Sunum dosyasını toplantıdan önce tüm katılımcılarla paylaşmayı unutmayalım.	Sunum dosyasını toplantıdan önce tüm katılımcılarla paylaşmayı unutmayalım.	5.4
x213	general_long	Şehirlerarası yolculuk yapacak personelin otel rezervasyonları idari işler tarafından yapılır.	Şehirlerarası yolculuk yapacak personelin otel rezervasyonları idari işler tarafından yapılır.	Şehirlerarası yolculuk yapacak personelin otel rezervasyonları idari işler tarafından yapılır.	6.7
x214	general_long	Kar yağışı nedeniyle yarın okullar yarım gün eğitim yapacaktır.	Kar yağışı nedeniyle yarın okullar yarım gün eğitim yapacaktır.	Kar yağışı nedeniyle yarın okullar yarım gün eğitim yapacaktır.	4.5
x215	general_long	Müşterimizle yapılan görüşme oldukça olumlu geçti ve yeni bir anlaşma imzalandı.	Müşterimizle yapılan görüşme oldukça olumlu geçti ve yeni bir anlaşma imzalandı.	Müşterimizle yapılan görüşme oldukça olumlu geçti ve yeni bir anlaşma imzalandı.	5.7
x216	general_long	Bilgi işlem ekibi, yeni bilgisayarların kurulumunu bu hafta içinde tamamlayacak.	Bilgi işlem ekibi, yeni bilgisayarların kurulumunu bu hafta içinde tamamlayacak.	Bilgi işlem ekibi, yeni bilgisayarların kurulumunu bu hafta içinde tamamlayacak.	6.1
x217	general_long	Öğrencilerimiz bilim olimpiyatlarında bölge birinciliği kazanarak okulumuzu gururlandırdı.	Öğrencilerimiz bilim olimpiyatlarında bölge birinciliği kazanarak okulumuzu gururlandırdı.	Öğrencilerimiz bilim olimpiyatlarında bölge birinciliği kazanarak okulumuzu gururlandırdı.	6.4
x218	general_long	Ofis taşınması sırasında tüm dosyaların etiketlenmiş kutulara yerleştirilmesi gerekiyor.	Ofis taşınması sırasında tüm dosyaların etiketlenmiş kutulara yerleştirilmesi gerekiyor.	Ofis taşınması sırasında tüm dosyaların etiketlenmiş kutulara yerleştirilmesi gerekiyor.	6.3
x219	general_long	Akşam saatlerinde yapılan veli seminerine beklenenden çok daha fazla katılım oldu.	Akşam saatlerinde yapılan veli seminerine beklenenden çok daha fazla katılım oldu.	Akşam saatlerinde yapılan veli seminerine beklenenden çok daha fazla katılım oldu.	5.9
x220	general_long	Yeni yazılım sürümü kullanıcıların geri bildirimleri dikkate alınarak hazırlandı.	Yeni yazılım sürümü kullanıcıların geri bildirimleri dikkate alınarak hazırlandı.	Yeni yazılım sürümü kullanıcıların geri bildirimleri dikkate alınarak hazırlandı.	5.8
x221	general_long	Bahçedeki ağaçların budanması için belediyeden izin alınması gerekmektedir.	Bahçedeki ağaçların budanması için belediyeden izin alınması gerekmektedir.	Bahçedeki ağaçların budanması için belediyeden izin alınması gerekmektedir.	5.4
x222	general_long	Satış ekibimiz bu çeyrekte belirlenen hedeflerin üzerinde bir performans gösterdi.	Satış ekibimiz bu çeyrekte belirlenen hedeflerin üzerinde bir performans gösterdi.	Satış ekibimiz bu çeyrekte belirlenen hedeflerin üzerinde bir performans gösterdi.	5.9
x223	general_long	Müzik öğretmenimiz okul korosu için yeni öğrenci seçmeleri yapacağını duyurdu.	Müzik öğretmenimiz okul korosu için yeni öğrenci seçmeleri yapacağını duyurdu.	Müzik öğretmenimiz okul korosu için yeni öğrenci seçmeleri yapacağını duyurdu.	5.6
x224	general_long	Toplantı odası rezervasyonları ortak takvim üzerinden yapılmaya devam edecektir.	Toplantı odası rezervasyonları ortak takvim üzerinden yapılmaya devam edecektir.	Toplantı odası rezervasyonları ortak takvim üzerinden yapılmaya devam edecektir.	5.7
x225	general_long	Fuar standımız için gerekli malzemeler önceki gün akşamdan hazırlanmalıdır.	Fuar standımız için gerekli malzemeler önceki gün akşamdan hazırlanmalıdır.	Fuar standımız için gerekli malzemeler önceki gün akşamdan hazırlanmalıdır.	5.4
x226	general_long	Öğrenciler müze gezisinden sonra gördükleri eserler hakkında kısa bir rapor yazacaklar.	Öğrenciler müze gezisinden sonra gördükleri eserler hakkında kısa bir rapor yazacaklar.	Öğrenciler müze gezisinden sonra gördükleri eserler hakkında kısa bir rapor yazacaklar.	6.2
x227	general_long	Elektrik kesintisi nedeniyle sunucular jeneratör ile birkaç saat çalıştırıldı.	Elektrik kesintisi nedeniyle sunucular jeneratör ile birkaç saat çalıştırıldı.	Elektrik kesintisi nedeniyle sunucular jeneratör ile birkaç saat çalıştırıldı.	5.6
x228	general_long	Yeni ofis düzeninde her ekip kendi çalışma alanını kendisi belirleyebilecek.	Yeni ofis düzeninde her ekip kendi çalışma alanını kendisi belirleyebilecek.	Yeni ofis düzeninde her ekip kendi çalışma alanını kendisi belirleyebilecek.	5.4
x229	general_long	Spor salonunun zemini yenilendiği için beden eğitimi dersleri bahçede yapılıyor.	Spor salonunun zemini yenilendiği için beden eğitimi dersleri bahçede yapılıyor.	Spor salonunun zemini yenilendiği için beden eğitimi dersleri bahçede yapılıyor.	5.7
x230	general_long	Kurumsal web sitemizin yeni tasarımı önümüzdeki ay yayına alınacaktır.	Kurumsal web sitemizin yeni tasarımı önümüzdeki ay yayına alınacaktır.	Kurumsal web sitemizin yeni tasarımı önümüzdeki ay yayına alınacaktır.	5.0
x231	general_long	Şirketimizin kuruluş yıl dönümü için küçük bir kutlama programı hazırlanıyor.	Şirketimizin kuruluş yıl dönümü için küçük bir kutlama programı hazırlanıyor.	Şirketimizin kuruluş yıl dönümü için küçük bir kutlama programı hazırlanıyor.	5.5
x232	general_long	Okul gazetesinin yeni sayısı öğrencilerin yazdığı hikayelerle birlikte basıldı.	Okul gazetesinin yeni sayısı öğrencilerin yazdığı hikayelerle birlikte basıldı.	Okul gazetesinin yeni sayısı öğrencilerin yazdığı hikayelerle birlikte basıldı.	5.6
x233	general_long	Uzaktan çalışma günlerinde de ekip toplantılarına kamerayla katılmak gerekiyor.	Uzaktan çalışma günlerinde de ekip toplantılarına kamerayla katılmak gerekiyor.	Uzaktan çalışma günlerinde de ekip toplantılarına kamerayla katılmak gerekiyor.	5.6
x234	general_long	Bu yılki kitap fuarında okulumuzun öğrencileri kendi yazdıkları kitapları imzaladı.	Bu yılki kitap fuarında okulumuzun öğrencileri kendi yazdıkları kitapları imzaladı.	Bu yılki kitap fuarında okulumuzun öğrencileri kendi yazdıkları kitapları imzaladı.	5.9
x235	general_long	Güvenlik görevlisi, akşam altıdan sonra binaya girişleri kayıt altına almaktadır.	Güvenlik görevlisi, akşam altıdan sonra binaya girişleri kayıt altına almaktadır.	Güvenlik görevlisi, akşam altıdan sonra binaya girişleri kayıt altına almaktadır.	6.1
x236	general_long	Kurum içi eğitimlere katılan çalışanlara dönem sonunda sertifika verilecektir.	Kurum içi eğitimlere katılan çalışanlara dönem sonunda sertifika verilecektir.	Kurum içi eğitimlere katılan çalışanlara dönem sonunda sertifika verilecektir.	5.6
x237	general_long	Tiyatro kulübü yıl sonu gösterisi için haftada iki gün prova yapıyor.	Tiyatro kulübü yıl sonu gösterisi için haftada iki gün prova yapıyor.	Tiyatro kulübü yıl sonu gösterisi için haftada iki gün prova yapıyor.	4.9
x238	general_long	Yeni gelen yazıcılar her katın koridorundaki ortak alana yerleştirildi.	Yeni gelen yazıcılar her katın koridorundaki ortak alana yerleştirildi.	Yeni gelen yazıcılar her katın koridorundaki ortak alana yerleştirildi.	5.1
x239	general_long	Tatil dönüşünde öğrencilerin uyum sağlaması için ilk hafta hafif bir program uygulanacak.	Tatil dönüşünde öğrencilerin uyum sağlaması için ilk hafta hafif bir program uygulanacak.	Tatil dönüşünde öğrencilerin uyum sağlaması için ilk hafta hafif bir program uygulanacak.	6.4
x240	general_long	Arşiv odasındaki eski belgeler dijital ortama aktarıldıktan sonra imha edilecektir.	Arşiv odasındaki eski belgeler dijital ortama aktarıldıktan sonra imha edilecektir.	Arşiv odasındaki eski belgeler dijital ortama aktarıldıktan sonra imha edilecektir.	5.9
x241	general_long	Kahve makinesi arızalandığı için teknik servis yarın sabah gelecek.	Kahve makinesi arızalandığı için teknik servis yarın sabah gelecek.	Kahve makinesi arızalandığı için teknik servis yarın sabah gelecek.	4.8
x242	general_long	Bölge müdürümüz gelecek hafta şubeleri ziyaret ederek çalışanlarla görüşecek.	Bölge müdürümüz gelecek hafta şubeleri ziyaret ederek çalışanlarla görüşecek.	Bölge müdürümüz gelecek hafta şubeleri ziyaret ederek çalışanlarla görüşecek.	5.5
x243	general_long	Okul bahçesine yeni oturma bankları ve gölgelik alanlar yapılması planlanıyor.	Okul bahçesine yeni oturma bankları ve gölgelik alanlar yapılması planlanıyor.	Okul bahçesine yeni oturma bankları ve gölgelik alanlar yapılması planlanıyor.	5.6
x244	general_long	Yıl sonu değerlendirme toplantısında başarılı projeler tek tek ele alındı.	Yıl sonu değerlendirme toplantısında başarılı projeler tek tek ele alındı.	Yıl sonu değerlendirme toplantısında başarılı projeler tek tek ele alındı.	5.3
x245	general_long	Bu yıl ilk kez düzenlenen robotik yarışmasına on iki takım katıldı.	Bu yıl ilk kez düzenlenen robotik yarışmasına on iki takım katıldı.	Bu yıl ilk kez düzenlenen robotik yarışmasına on iki takım katıldı.	4.8
x246	general_long	Ekip liderleri haftalık raporlarını her cuma öğlene kadar göndermelidir.	Ekip liderleri haftalık raporlarını her cuma öğlene kadar göndermelidir.	Ekip liderleri haftalık raporlarını her cuma öğlene kadar göndermelidir.	5.1
x247	general_long	Öğrenciler sonbahar döneminde yerel bir yardım kuruluşu için kampanya düzenledi.	Öğrenciler sonbahar döneminde yerel bir yardım kuruluşu için kampanya düzenledi.	Öğrenciler sonbahar döneminde yerel bir yardım kuruluşu için kampanya düzenledi.	5.7
x248	general_long	Toplantı sırasında alınan kararlar katılımcılara yazılı olarak iletilecektir.	Toplantı sırasında alınan kararlar katılımcılara yazılı olarak iletilecektir.	Toplantı sırasında alınan kararlar katılımcılara yazılı olarak iletilecektir.	5.5
x249	general_long	Kampüsteki otopark alanı genişletildiği için artık daha fazla araç park edebilecek.	Kampüsteki otopark alanı genişletildiği için artık daha fazla araç park edebilecek.	Kampüsteki otopark alanı genişletildiği için artık daha fazla araç park edebilecek.	5.9
x250	general_long	Yeni başlayan stajyerler ilk hafta boyunca farklı departmanları tanıyacaklar.	Yeni başlayan stajyerler ilk hafta boyunca farklı departmanları tanıyacaklar.	Yeni başlayan stajyerler ilk hafta boyunca farklı departmanları tanıyacaklar.	5.5
x251	general_long	Yağmurlu havalarda öğrenciler teneffüslerini kapalı spor salonunda geçirmektedir.	Yağmurlu havalarda öğrenciler teneffüslerini kapalı spor salonunda geçirmektedir.	Yağmurlu havalarda öğrenciler teneffüslerini kapalı spor salonunda geçirmektedir.	5.8
x252	general_long	Kurumumuzun sosyal sorumluluk projesi yerel basında geniş yer buldu.	Kurumumuzun sosyal sorumluluk projesi yerel basında geniş yer buldu.	Kurumumuzun sosyal sorumluluk projesi yerel basında geniş yer buldu.	4.9
x253	general_long	Bilgisayar laboratuvarındaki cihazlar yaz tatilinde tamamen yenilenecektir.	Bilgisayar laboratuvarındaki cihazlar yaz tatilinde tamamen yenilenecektir.	Bilgisayar laboratuvarındaki cihazlar yaz tatilinde tamamen yenilenecektir.	5.4
x254	general_long	Müşteri memnuniyeti anketinin sonuçları bir sonraki yönetim toplantısında paylaşılacak.	Müşteri memnuniyeti anketinin sonuçları bir sonraki yönetim toplantısında paylaşılacak.	Müşteri memnuniyeti anketinin sonuçları bir sonraki yönetim toplantısında paylaşılacak.	6.2
x255	general_long	Okulumuzdaki satranç turnuvasına bu yıl her sınıftan en az iki öğrenci katıldı.	Okulumuzdaki satranç turnuvasına bu yıl her sınıftan en az iki öğrenci katıldı.	Okulumuzdaki satranç turnuvasına bu yıl her sınıftan en az iki öğrenci katıldı.	5.6
x256	general_long	Pazartesi sabahı yapılacak genel toplantıya tüm birim yöneticilerinin katılması bekleniyor.	Pazartesi sabahı yapılacak genel toplantıya tüm birim yöneticilerinin katılması bekleniyor.	Pazartesi sabahı yapılacak genel toplantıya tüm birim yöneticilerinin katılması bekleniyor.	6.5
x257	general_long	Ofis malzemelerinin daha verimli kullanılması için yeni bir düzenleme yapıldı.	Ofis malzemelerinin daha verimli kullanılması için yeni bir düzenleme yapıldı.	Ofis malzemelerinin daha verimli kullanılması için yeni bir düzenleme yapıldı.	5.6
x258	general_long	Mezunlarımızın bir kısmı bu yıl okulumuzda kariyer günü etkinliğine konuşmacı olarak katıldı.	Mezunlarımızın bir kısmı bu yıl okulumuzda kariyer günü etkinliğine konuşmacı olarak katıldı.	Mezunlarımızın bir kısmı bu yıl okulumuzda kariyer günü etkinliğine konuşmacı olarak katıldı.	6.6
x259	general_long	Çalışma saatleri dışında gelen acil talepler nöbetçi ekip tarafından karşılanmaktadır.	Çalışma saatleri dışında gelen acil talepler nöbetçi ekip tarafından karşılanmaktadır.	Çalışma saatleri dışında gelen acil talepler nöbetçi ekip tarafından karşılanmaktadır.	6.1
x260	general_long	Öğretmenler odasındaki dolaplar her öğretmene ayrı ayrı tahsis edilmiştir.	Öğretmenler odasındaki dolaplar her öğretmene ayrı ayrı tahsis edilmiştir.	Öğretmenler odasındaki dolaplar her öğretmene ayrı ayrı tahsis edilmiştir.	5.3
x261	general_long	Yeni hizmet binasının açılış töreni önümüzdeki ayın ilk haftasında yapılacak.	Yeni hizmet binasının açılış töreni önümüzdeki ayın ilk haftasında yapılacak.	Yeni hizmet binasının açılış töreni önümüzdeki ayın ilk haftasında yapılacak.	5.5
x262	general_long	Kış döneminde servis saatleri hava koşullarına göre değişiklik gösterebilir.	Kış döneminde servis saatleri hava koşullarına göre değişiklik gösterebilir.	Kış döneminde servis saatleri hava koşullarına göre değişiklik gösterebilir.	5.4
x263	general_long	Çevre kulübü üyeleri okul bahçesine elli fidan dikerek ağaçlandırma çalışması yaptı.	Çevre kulübü üyeleri okul bahçesine elli fidan dikerek ağaçlandırma çalışması yaptı.	Çevre kulübü üyeleri okul bahçesine elli fidan dikerek ağaçlandırma çalışması yaptı.	6.0
x264	general_long	Ekibimizin hazırladığı rapor yönetim kurulu tarafından çok beğenildi.	Ekibimizin hazırladığı rapor yönetim kurulu tarafından çok beğenildi.	Ekibimizin hazırladığı rapor yönetim kurulu tarafından çok beğenildi.	4.9
x265	general_long	Yangın söndürme tüplerinin kontrolü her altı ayda bir düzenli olarak yapılmaktadır.	Yangın söndürme tüplerinin kontrolü her altı ayda bir düzenli olarak yapılmaktadır.	Yangın söndürme tüplerinin kontrolü her altı ayda bir düzenli olarak yapılmaktadır.	5.9
x266	general_long	Bu dönem açılan yabancı dil kurslarına öğrencilerden büyük ilgi gösterildi.	Bu dönem açılan yabancı dil kurslarına öğrencilerden büyük ilgi gösterildi.	Bu dönem açılan yabancı dil kurslarına öğrencilerden büyük ilgi gösterildi.	5.4
x267	general_long	Personel servisinin güzergahı yol çalışmaları nedeniyle geçici olarak değiştirildi.	Personel servisinin güzergahı yol çalışmaları nedeniyle geçici olarak değiştirildi.	Personel servisinin güzergahı yol çalışmaları nedeniyle geçici olarak değiştirildi.	5.9
x268	general_long	Okulumuzun basketbol takımı il şampiyonasında finale yükselmeyi başardı.	Okulumuzun basketbol takımı il şampiyonasında finale yükselmeyi başardı.	Okulumuzun basketbol takımı il şampiyonasında finale yükselmeyi başardı.	5.1
x269	general_long	Kurum içi iletişimi güçlendirmek için aylık bir bülten hazırlanmaya başlandı.	Kurum içi iletişimi güçlendirmek için aylık bir bülten hazırlanmaya başlandı.	Kurum içi iletişimi güçlendirmek için aylık bir bülten hazırlanmaya başlandı.	5.5
x270	general_long	Toplantı odasındaki ekranın bağlantı kablosu bilgi işlem biriminden temin edilebilir.	Toplantı odasındaki ekranın bağlantı kablosu bilgi işlem biriminden temin edilebilir.	Toplantı odasındaki ekranın bağlantı kablosu bilgi işlem biriminden temin edilebilir.	6.1
x271	general_long	Bayram tatili nedeniyle kargo teslimatlarında birkaç günlük gecikme yaşanabilir.	Bayram tatili nedeniyle kargo teslimatlarında birkaç günlük gecikme yaşanabilir.	Bayram tatili nedeniyle kargo teslimatlarında birkaç günlük gecikme yaşanabilir.	5.7
x272	general_long	Öğrencilerimiz bu yıl ilk kez uluslararası bir öğrenci değişim programına katılacak.	Öğrencilerimiz bu yıl ilk kez uluslararası bir öğrenci değişim programına katılacak.	Öğrencilerimiz bu yıl ilk kez uluslararası bir öğrenci değişim programına katılacak.	6.0
x273	general_long	Ofisteki bitkilerin bakımı her hafta dönüşümlü olarak farklı bir ekip tarafından yapılıyor.	Ofisteki bitkilerin bakımı her hafta dönüşümlü olarak farklı bir ekip tarafından yapılıyor.	Ofisteki bitkilerin bakımı her hafta dönüşümlü olarak farklı bir ekip tarafından yapılıyor.	6.5
x274	general_long	Hafta içi akşamları düzenlenen kurslar çalışan velilerin katılımı için planlandı.	Hafta içi akşamları düzenlenen kurslar çalışan velilerin katılımı için planlandı.	Hafta içi akşamları düzenlenen kurslar çalışan velilerin katılımı için planlandı.	5.8
x275	general_long	Şirketimiz bu yıl yenilenebilir enerji kullanımını önemli ölçüde artırmayı hedefliyor.	Şirketimiz bu yıl yenilenebilir enerji kullanımını önemli ölçüde artırmayı hedefliyor.	Şirketimiz bu yıl yenilenebilir enerji kullanımını önemli ölçüde artırmayı hedefliyor.	6.1
x276	general_long	Okulun giriş kapısındaki güvenlik kontrolü sabah saatlerinde daha sıkı yapılmaktadır.	Okulun giriş kapısındaki güvenlik kontrolü sabah saatlerinde daha sıkı yapılmaktadır.	Okulun giriş kapısındaki güvenlik kontrolü sabah saatlerinde daha sıkı yapılmaktadır.	6.1
x277	general_long	Yeni ürün tanıtımı için hazırlanan videolar sosyal medya hesaplarımızda yayınlandı.	Yeni ürün tanıtımı için hazırlanan videolar sosyal medya hesaplarımızda yayınlandı.	Yeni ürün tanıtımı için hazırlanan videolar sosyal medya hesaplarımızda yayınlandı.	5.9
x278	general_long	Bahar şenliğinde öğrencilerin hazırladığı yiyecekler hayır amaçlı olarak satıldı.	Bahar şenliğinde öğrencilerin hazırladığı yiyecekler hayır amaçlı olarak satıldı.	Bahar şenliğinde öğrencilerin hazırladığı yiyecekler hayır amaçlı olarak satıldı.	5.8
x279	general_long	Kurum içi yazışmalarda resmi şablonların kullanılmasına özen gösterilmelidir.	Kurum içi yazışmalarda resmi şablonların kullanılmasına özen gösterilmelidir.	Kurum içi yazışmalarda resmi şablonların kullanılmasına özen gösterilmelidir.	5.5
x280	general_long	Bu yıl öğretmenlerimiz için mesleki gelişim programı üç ayrı modül halinde hazırlandı.	Bu yıl öğretmenlerimiz için mesleki gelişim programı üç ayrı modül halinde hazırlandı.	Bu yıl öğretmenlerimiz için mesleki gelişim programı üç ayrı modül halinde hazırlandı.	6.1
x281	general_long	Yaz aylarında çalışma saatleri sabah sekizden öğleden sonra dörde kadar uygulanacak.	Yaz aylarında çalışma saatleri sabah sekizden öğleden sonra dörde kadar uygulanacak.	Yaz aylarında çalışma saatleri sabah sekizden öğleden sonra dörde kadar uygulanacak.	6.0
x282	general_long	Okul kütüphanesinin çalışma saatleri sınav haftalarında akşam yediye kadar uzatıldı.	Okul kütüphanesinin çalışma saatleri sınav haftalarında akşam yediye kadar uzatıldı.	Okul kütüphanesinin çalışma saatleri sınav haftalarında akşam yediye kadar uzatıldı.	6.0
x283	general_long	İş güvenliği eğitimi tüm yeni çalışanlar için ilk gün zorunlu olarak verilmektedir.	İş güvenliği eğitimi tüm yeni çalışanlar için ilk gün zorunlu olarak verilmektedir.	İş güvenliği eğitimi tüm yeni çalışanlar için ilk gün zorunlu olarak verilmektedir.	5.9
x284	general_long	Öğrencilerin hazırladığı bilim projeleri spor salonunda sergilenecek.	Öğrencilerin hazırladığı bilim projeleri spor salonunda sergilenecek.	Öğrencilerin hazırladığı bilim projeleri spor salonunda sergilenecek.	4.9
x285	general_long	Şirket yemekhanesinde vejetaryen menü seçeneği de sunulmaya başlandı.	Şirket yemekhanesinde vejetaryen menü seçeneği de sunulmaya başlandı.	Şirket yemekhanesinde vejetaryen menü seçeneği de sunulmaya başlandı.	4.9
x286	general_long	Yeni dönemde okulumuza üç yeni öğretmen ve bir rehber öğretmen katılıyor.	Yeni dönemde okulumuza üç yeni öğretmen ve bir rehber öğretmen katılıyor.	Yeni dönemde okulumuza üç yeni öğretmen ve bir rehber öğretmen katılıyor.	5.2
x287	general_long	Proje teslim tarihi müşterinin talebi üzerine iki hafta ileriye ertelendi.	Proje teslim tarihi müşterinin talebi üzerine iki hafta ileriye ertelendi.	Proje teslim tarihi müşterinin talebi üzerine iki hafta ileriye ertelendi.	5.3
x288	general_long	Okul önündeki yaya geçidi için belediyeye yeni bir trafik ışığı talebi iletildi.	Okul önündeki yaya geçidi için belediyeye yeni bir trafik ışığı talebi iletildi.	Okul önündeki yaya geçidi için belediyeye yeni bir trafik ışığı talebi iletildi.	5.7
x289	general_long	Kurumumuz kalite belgesini yeniden almak için denetim sürecine hazırlanıyor.	Kurumumuz kalite belgesini yeniden almak için denetim sürecine hazırlanıyor.	Kurumumuz kalite belgesini yeniden almak için denetim sürecine hazırlanıyor.	5.4
x290	general_long	Müzik odasındaki piyanonun akordu yaz tatili başlamadan önce yapılacak.	Müzik odasındaki piyanonun akordu yaz tatili başlamadan önce yapılacak.	Müzik odasındaki piyanonun akordu yaz tatili başlamadan önce yapılacak.	5.1
x291	general_long	Departman toplantılarının süresi verimliliği artırmak için bir saatle sınırlandırıldı.	Departman toplantılarının süresi verimliliği artırmak için bir saatle sınırlandırıldı.	Departman toplantılarının süresi verimliliği artırmak için bir saatle sınırlandırıldı.	6.1
x292	general_long	Okulumuzun web sitesinde etkinlik takvimi her hafta düzenli olarak güncellenmektedir.	Okulumuzun web sitesinde etkinlik takvimi her hafta düzenli olarak güncellenmektedir.	Okulumuzun web sitesinde etkinlik takvimi her hafta düzenli olarak güncellenmektedir.	6.1
x293	general_long	Yeni çalışanlar için hazırlanan oryantasyon kitapçığı insan kaynaklarından alınabilir.	Yeni çalışanlar için hazırlanan oryantasyon kitapçığı insan kaynaklarından alınabilir.	Yeni çalışanlar için hazırlanan oryantasyon kitapçığı insan kaynaklarından alınabilir.	6.1
x294	general_long	Hava kirliliğinin arttığı günlerde açık hava etkinlikleri iptal edilmektedir.	Hava kirliliğinin arttığı günlerde açık hava etkinlikleri iptal edilmektedir.	Hava kirliliğinin arttığı günlerde açık hava etkinlikleri iptal edilmektedir.	5.5
x295	general_long	Ekip ruhunu güçlendirmek amacıyla bu ay bir doğa yürüyüşü düzenlenecek.	Ekip ruhunu güçlendirmek amacıyla bu ay bir doğa yürüyüşü düzenlenecek.	Ekip ruhunu güçlendirmek amacıyla bu ay bir doğa yürüyüşü düzenlenecek.	5.1
x296	general_long	Öğrenci meclisi seçimleri ekim ayının üçüncü haftasında gerçekleştirilecektir.	Öğrenci meclisi seçimleri ekim ayının üçüncü haftasında gerçekleştirilecektir.	Öğrenci meclisi seçimleri ekim ayının üçüncü haftasında gerçekleştirilecektir.	5.6
x297	general_long	Yeni ofis telefonlarının kullanım kılavuzu ortak klasöre yüklendi.	Yeni ofis telefonlarının kullanım kılavuzu ortak klasöre yüklendi.	Yeni ofis telefonlarının kullanım kılavuzu ortak klasöre yüklendi.	4.7
x298	general_long	Mezuniyet yıllığı için fotoğraf çekimleri nisan ayı boyunca devam edecek.	Mezuniyet yıllığı için fotoğraf çekimleri nisan ayı boyunca devam edecek.	Mezuniyet yıllığı için fotoğraf çekimleri nisan ayı boyunca devam edecek.	5.2
x299	general_long	Toplantı salonunun klima sistemi bakımdan sonra tekrar kullanıma açıldı.	Toplantı salonunun klima sistemi bakımdan sonra tekrar kullanıma açıldı.	Toplantı salonunun klima sistemi bakımdan sonra tekrar kullanıma açıldı.	5.1
x300	general_long	Bölgemizdeki diğer okullarla ortak bir kültür ve sanat festivali planlanıyor.	Bölgemizdeki diğer okullarla ortak bir kültür ve sanat festivali planlanıyor.	Bölgemizdeki diğer okullarla ortak bir kültür ve sanat festivali planlanıyor.	5.5
x301	number_long	Bu dönem toplam 1.284 öğrencinin kayıt yenileme işlemi tamamlandı.	Bu dönem toplam bin iki yüz seksen dört öğrencinin kayıt yenileme işlemi tamamlandı.	Bu dönem toplam bin iki yüz seksen dört öğrencinin kayıt yenileme işlemi tamamlandı.	6.0
x302	number_long	Ekim ayında kesilen faturaların toplam tutarı 2.450.000 TL'ye ulaştı.	Ekim ayında kesilen faturaların toplam tutarı iki milyon dört yüz elli bin Türk lirasına ulaştı.	Ekim ayında kesilen faturaların toplam tutarı iki milyon dört yüz elli bin Türk lirasına ulaştı.	6.9
x303	number_long	Personel servisi her sabah saat 07:15'te ana kampüsten hareket etmektedir.	Personel servisi her sabah saat yedi on beşte ana kampüsten hareket etmektedir.	Personel servisi her sabah saat yedi on beşte ana kampüsten hareket etmektedir.	5.6
x304	number_long	Velilerin yüzde altmış ikisi ödemelerini kredi kartı ile yapmayı tercih etti.	Velilerin yüzde altmış ikisi ödemelerini kredi kartı ile yapmayı tercih etti.	Velilerin yüzde altmış ikisi ödemelerini kredi kartı ile yapmayı tercih etti.	5.5
x305	number_long	Depoda bulunan 350 adet ürünün son kullanma tarihi önümüzdeki ay doluyor.	Depoda bulunan üç yüz elli adet ürünün son kullanma tarihi önümüzdeki ay doluyor.	Depoda bulunan üç yüz elli adet ürünün son kullanma tarihi önümüzdeki ay doluyor.	5.8
x306	number_long	İkinci taksitin son ödeme günü 10 Kasım 2026 olarak belirlenmiştir.	İkinci taksitin son ödeme günü on Kasım iki bin yirmi altı olarak belirlenmiştir.	İkinci taksitin son ödeme günü on Kasım iki bin yirmi altı olarak belirlenmiştir.	5.8
x307	number_long	Okulumuzun bu yılki mezun sayısı geçen yıla göre %12 oranında arttı.	Okulumuzun bu yılki mezun sayısı geçen yıla göre yüzde on iki oranında arttı.	Okulumuzun bu yılki mezun sayısı geçen yıla göre yüzde on iki oranında arttı.	5.5
x308	number_long	Muhasebe biriminde şu anda onay bekleyen 47 adet ödeme talebi bulunuyor.	Muhasebe biriminde şu anda onay bekleyen kırk yedi adet ödeme talebi bulunuyor.	Muhasebe biriminde şu anda onay bekleyen kırk yedi adet ödeme talebi bulunuyor.	5.6
x309	number_long	Kantinde yapılan günlük satışların ortalaması 3.800 TL civarında seyrediyor.	Kantinde yapılan günlük satışların ortalaması üç bin sekiz yüz Türk lirası civarında seyrediyor.	Kantinde yapılan günlük satışların ortalaması üç bin sekiz yüz Türk lirası civarında seyrediyor.	6.9
x310	number_long	Yeni dönem ders ücretleri %18 artışla sisteme tanımlanacaktır.	Yeni dönem ders ücretleri yüzde on sekiz artışla sisteme tanımlanacaktır.	Yeni dönem ders ücretleri yüzde on sekiz artışla sisteme tanımlanacaktır.	5.2
x311	number_long	Kütüphanemizde şu anda 11.800 kitap ve 340 süreli yayın bulunmaktadır.	Kütüphanemizde şu anda on bir bin sekiz yüz kitap ve üç yüz kırk süreli yayın bulunmaktadır.	Kütüphanemizde şu anda on bir bin sekiz yüz kitap ve üç yüz kırk süreli yayın bulunmaktadır.	6.6
x312	number_long	Haftalık ders programında her sınıf için toplam 40 ders saati planlandı.	Haftalık ders programında her sınıf için toplam kırk ders saati planlandı.	Haftalık ders programında her sınıf için toplam kırk ders saati planlandı.	5.3
x313	number_long	Bu ay işe alınan 8 personelin bordro kayıtları sisteme girilmiştir.	Bu ay işe alınan sekiz personelin bordro kayıtları sisteme girilmiştir.	Bu ay işe alınan sekiz personelin bordro kayıtları sisteme girilmiştir.	5.1
x314	number_long	Servis ücretleri 1 Ocak 2027 tarihinden itibaren yeniden düzenlenecektir.	Servis ücretleri bir Ocak iki bin yirmi yedi tarihinden itibaren yeniden düzenlenecektir.	Servis ücretleri bir Ocak iki bin yirmi yedi tarihinden itibaren yeniden düzenlenecektir.	6.4
x315	number_long	Geçen çeyrekte müşteri şikayetlerinin sayısı %30 oranında azaldı.	Geçen çeyrekte müşteri şikayetlerinin sayısı yüzde otuz oranında azaldı.	Geçen çeyrekte müşteri şikayetlerinin sayısı yüzde otuz oranında azaldı.	5.1
x316	number_long	Okul aile birliği toplantısı 24 Ekim cumartesi günü saat 11:00'de yapılacak.	Okul aile birliği toplantısı yirmi dört Ekim cumartesi günü saat on birde yapılacak.	Okul aile birliği toplantısı yirmi dört Ekim cumartesi günü saat on birde yapılacak.	6.0
x317	number_long	Toplam 26 tedarikçiden alınan teklifler karşılaştırma tablosunda listelendi.	Toplam yirmi altı tedarikçiden alınan teklifler karşılaştırma tablosunda listelendi.	Toplam yirmi altı tedarikçiden alınan teklifler karşılaştırma tablosunda listelendi.	6.0
x318	number_long	Depo kapasitesinin %85'i dolduğunda yöneticilere otomatik uyarı gönderilir.	Depo kapasitesinin yüzde seksen beşi dolduğunda yöneticilere otomatik uyarı gönderilir.	Depo kapasitesinin yüzde seksen beşi dolduğunda yöneticilere otomatik uyarı gönderilir.	6.2
x319	number_long	Dönem sonu sınavları 5 Ocak tarihinde başlayıp iki hafta sürecektir.	Dönem sonu sınavları beş Ocak tarihinde başlayıp iki hafta sürecektir.	Dönem sonu sınavları beş Ocak tarihinde başlayıp iki hafta sürecektir.	5.0
x320	number_long	Yıllık bakım sözleşmesinin bedeli 96.000 TL olarak kararlaştırıldı.	Yıllık bakım sözleşmesinin bedeli doksan altı bin Türk lirası olarak kararlaştırıldı.	Yıllık bakım sözleşmesinin bedeli doksan altı bin Türk lirası olarak kararlaştırıldı.	6.1
x321	number_long	Bu hafta toplam 215 öğrenci revirde muayene edildi ve kayıtları tutuldu.	Bu hafta toplam iki yüz on beş öğrenci revirde muayene edildi ve kayıtları tutuldu.	Bu hafta toplam iki yüz on beş öğrenci revirde muayene edildi ve kayıtları tutuldu.	5.9
x322	number_long	Satış ekibimiz geçen ay 1.120 yeni sipariş alarak rekor kırdı.	Satış ekibimiz geçen ay bin yüz yirmi yeni sipariş alarak rekor kırdı.	Satış ekibimiz geçen ay bin yüz yirmi yeni sipariş alarak rekor kırdı.	5.0
x323	number_long	Öğle yemeği servisi her gün saat 12:10 ile 13:30 arasında verilmektedir.	Öğle yemeği servisi her gün saat on iki on ile on üç otuz arasında verilmektedir.	Öğle yemeği servisi her gün saat on iki on ile on üç otuz arasında verilmektedir.	5.8
x324	number_long	Bu yıl burs alan öğrenci sayısı toplam öğrencilerin %9'una ulaştı.	Bu yıl burs alan öğrenci sayısı toplam öğrencilerin yüzde dokuzuna ulaştı.	Bu yıl burs alan öğrenci sayısı toplam öğrencilerin yüzde dokuzuna ulaştı.	5.3
x325	number_long	Peşin ödeme yapan velilere toplam ücret üzerinden %7 indirim uygulanır.	Peşin ödeme yapan velilere toplam ücret üzerinden yüzde yedi indirim uygulanır.	Peşin ödeme yapan velilere toplam ücret üzerinden yüzde yedi indirim uygulanır.	5.6
x326	number_long	Kasım ayında gerçekleşen elektrik gideri 18.430 TL olarak kaydedildi.	Kasım ayında gerçekleşen elektrik gideri on sekiz bin dört yüz otuz Türk lirası olarak kaydedildi.	Kasım ayında gerçekleşen elektrik gideri on sekiz bin dört yüz otuz Türk lirası olarak kaydedildi.	7.0
x327	number_long	Bilgi işlem birimi bu ay toplam 164 destek talebini sonuçlandırdı.	Bilgi işlem birimi bu ay toplam yüz altmış dört destek talebini sonuçlandırdı.	Bilgi işlem birimi bu ay toplam yüz altmış dört destek talebini sonuçlandırdı.	5.6
x328	number_long	Kayıt döneminde günlük ortalama 60 veli ile ön görüşme yapıldı.	Kayıt döneminde günlük ortalama altmış veli ile ön görüşme yapıldı.	Kayıt döneminde günlük ortalama altmış veli ile ön görüşme yapıldı.	4.8
x329	number_long	Yeni alınan 25 dizüstü bilgisayar öğretmenlere zimmetlenerek teslim edildi.	Yeni alınan yirmi beş dizüstü bilgisayar öğretmenlere zimmetlenerek teslim edildi.	Yeni alınan yirmi beş dizüstü bilgisayar öğretmenlere zimmetlenerek teslim edildi.	5.9
x330	number_long	Fabrikadaki üretim hattı haftada 6 gün ve günde 2 vardiya çalışmaktadır.	Fabrikadaki üretim hattı haftada altı gün ve günde iki vardiya çalışmaktadır.	Fabrikadaki üretim hattı haftada altı gün ve günde iki vardiya çalışmaktadır.	5.5
x331	number_long	Okul servislerimiz her gün toplam 480 öğrenciyi evlerinden almaktadır.	Okul servislerimiz her gün toplam dört yüz seksen öğrenciyi evlerinden almaktadır.	Okul servislerimiz her gün toplam dört yüz seksen öğrenciyi evlerinden almaktadır.	5.9
x332	number_long	Tahsil edilemeyen alacakların toplamı yıl sonunda 215.000 TL'ye ulaştı.	Tahsil edilemeyen alacakların toplamı yıl sonunda iki yüz on beş bin Türk lirasına ulaştı.	Tahsil edilemeyen alacakların toplamı yıl sonunda iki yüz on beş bin Türk lirasına ulaştı.	6.4
x333	number_long	Bu dönem açılan yaz okulu programına 75 öğrenci başvurdu.	Bu dönem açılan yaz okulu programına yetmiş beş öğrenci başvurdu.	Bu dönem açılan yaz okulu programına yetmiş beş öğrenci başvurdu.	4.6
x334	number_long	Yapılan anket sonucunda velilerin %91'i okulumuzdan memnun olduğunu belirtti.	Yapılan anket sonucunda velilerin yüzde doksan biri okulumuzdan memnun olduğunu belirtti.	Yapılan anket sonucunda velilerin yüzde doksan biri okulumuzdan memnun olduğunu belirtti.	6.4
x335	number_long	Personel eğitimleri için bu yıl ayrılan bütçe 120.000 TL olarak planlandı.	Personel eğitimleri için bu yıl ayrılan bütçe yüz yirmi bin Türk lirası olarak planlandı.	Personel eğitimleri için bu yıl ayrılan bütçe yüz yirmi bin Türk lirası olarak planlandı.	6.4
x336	number_long	Mart ayında stoktan çıkışı yapılan ürün sayısı 2.760 adede ulaştı.	Mart ayında stoktan çıkışı yapılan ürün sayısı iki bin yedi yüz altmış adede ulaştı.	Mart ayında stoktan çıkışı yapılan ürün sayısı iki bin yedi yüz altmış adede ulaştı.	6.0
x337	number_long	Veli toplantıları 3 Şubat ile 7 Şubat tarihleri arasında yapılacaktır.	Veli toplantıları üç Şubat ile yedi Şubat tarihleri arasında yapılacaktır.	Veli toplantıları üç Şubat ile yedi Şubat tarihleri arasında yapılacaktır.	5.3
x338	number_long	Ortalama teslim süresi yeni depo düzeniyle 4 günden 2 güne indi.	Ortalama teslim süresi yeni depo düzeniyle dört günden iki güne indi.	Ortalama teslim süresi yeni depo düzeniyle dört günden iki güne indi.	4.9
x339	number_long	Okulumuzda bu yıl toplam 52 farklı kulüp faaliyeti yürütülmektedir.	Okulumuzda bu yıl toplam elli iki farklı kulüp faaliyeti yürütülmektedir.	Okulumuzda bu yıl toplam elli iki farklı kulüp faaliyeti yürütülmektedir.	5.2
x340	number_long	Ödeme planındaki taksit sayısı en fazla 10 olacak şekilde sınırlandırıldı.	Ödeme planındaki taksit sayısı en fazla on olacak şekilde sınırlandırıldı.	Ödeme planındaki taksit sayısı en fazla on olacak şekilde sınırlandırıldı.	5.3
x341	number_long	Muhasebe kayıtlarında tespit edilen 14 hatalı fiş düzeltilerek yeniden onaylandı.	Muhasebe kayıtlarında tespit edilen on dört hatalı fiş düzeltilerek yeniden onaylandı.	Muhasebe kayıtlarında tespit edilen on dört hatalı fiş düzeltilerek yeniden onaylandı.	6.1
x342	number_long	Bu yıl kampüse toplam 1.600 metrekarelik yeni bir spor alanı eklendi.	Bu yıl kampüse toplam bin altı yüz metrekarelik yeni bir spor alanı eklendi.	Bu yıl kampüse toplam bin altı yüz metrekarelik yeni bir spor alanı eklendi.	5.4
x343	number_long	Sabah servisinin okula varış saati 08:05 olarak güncellendi.	Sabah servisinin okula varış saati sekiz sıfır beş olarak güncellendi.	Sabah servisinin okula varış saati sekiz sıfır beş olarak güncellendi.	5.0
x344	number_long	Yıllık izin hakkı 5 yılı dolduran personel için 20 gün olarak uygulanır.	Yıllık izin hakkı beş yılı dolduran personel için yirmi gün olarak uygulanır.	Yıllık izin hakkı beş yılı dolduran personel için yirmi gün olarak uygulanır.	5.5
x345	number_long	Ekim ayında toplam 38 yeni müşteri kartı açıldı ve onaylandı.	Ekim ayında toplam otuz sekiz yeni müşteri kartı açıldı ve onaylandı.	Ekim ayında toplam otuz sekiz yeni müşteri kartı açıldı ve onaylandı.	4.9
x346	number_long	Laboratuvar malzemeleri için ayrılan 45.000 TL'lik bütçenin yarısı kullanıldı.	Laboratuvar malzemeleri için ayrılan kırk beş bin Türk lirasılık bütçenin yarısı kullanıldı.	Laboratuvar malzemeleri için ayrılan kırk beş bin Türk lirasılık bütçenin yarısı kullanıldı.	6.6
x347	number_long	Bu dönem öğretmen başına düşen ortalama öğrenci sayısı 16 oldu.	Bu dönem öğretmen başına düşen ortalama öğrenci sayısı on altı oldu.	Bu dönem öğretmen başına düşen ortalama öğrenci sayısı on altı oldu.	4.9
x348	number_long	Fatura tarihinden itibaren 30 gün içinde yapılmayan ödemelere gecikme faizi uygulanır.	Fatura tarihinden itibaren otuz gün içinde yapılmayan ödemelere gecikme faizi uygulanır.	Fatura tarihinden itibaren otuz gün içinde yapılmayan ödemelere gecikme faizi uygulanır.	6.3
x349	number_long	Okulumuzun kayıt kapasitesi bu yıl 900 öğrenciden 1.050 öğrenciye çıkarıldı.	Okulumuzun kayıt kapasitesi bu yıl dokuz yüz öğrenciden bin elli öğrenciye çıkarıldı.	Okulumuzun kayıt kapasitesi bu yıl dokuz yüz öğrenciden bin elli öğrenciye çıkarıldı.	6.1
x350	number_long	Yemekhanede günde ortalama 1.400 öğün yemek servis edilmektedir.	Yemekhanede günde ortalama bin dört yüz öğün yemek servis edilmektedir.	Yemekhanede günde ortalama bin dört yüz öğün yemek servis edilmektedir.	5.1
x351	number_long	Haziran ayının 20'sinde karneler dağıtılacak ve yaz tatili başlayacaktır.	Haziran ayının yirmisinde karneler dağıtılacak ve yaz tatili başlayacaktır.	Haziran ayının yirmisinde karneler dağıtılacak ve yaz tatili başlayacaktır.	5.4
x352	number_long	Yeni depo binasının inşaatı %70 oranında tamamlanmış durumdadır.	Yeni depo binasının inşaatı yüzde yetmiş oranında tamamlanmış durumdadır.	Yeni depo binasının inşaatı yüzde yetmiş oranında tamamlanmış durumdadır.	5.2
x353	number_long	Bu yıl açılan 4 yeni şubeyle birlikte toplam şube sayımız 22'ye ulaştı.	Bu yıl açılan dört yeni şubeyle birlikte toplam şube sayımız yirmi ikiye ulaştı.	Bu yıl açılan dört yeni şubeyle birlikte toplam şube sayımız yirmi ikiye ulaştı.	5.7
x354	number_long	Aylık kırtasiye giderleri ortalama 6.200 TL seviyesinde gerçekleşmektedir.	Aylık kırtasiye giderleri ortalama altı bin iki yüz Türk lirası seviyesinde gerçekleşmektedir.	Aylık kırtasiye giderleri ortalama altı bin iki yüz Türk lirası seviyesinde gerçekleşmektedir.	6.7
x355	number_long	Kış döneminde okul saat 08:40'ta başlayıp 15:20'de sona erecektir.	Kış döneminde okul saat sekiz kırkta başlayıp on beş yirmide sona erecektir.	Kış döneminde okul saat sekiz kırkta başlayıp on beş yirmide sona erecektir.	5.4
x356	number_long	İlk dönem sonunda öğrencilerin genel not ortalaması 78,4 olarak hesaplandı.	İlk dönem sonunda öğrencilerin genel not ortalaması yetmiş sekiz virgül dört olarak hesaplandı.	İlk dönem sonunda öğrencilerin genel not ortalaması yetmiş sekiz virgül dört olarak hesaplandı.	6.8
x357	number_long	Ticari araç filomuzdaki 17 aracın sigorta poliçeleri yenilendi.	Ticari araç filomuzdaki on yedi aracın sigorta poliçeleri yenilendi.	Ticari araç filomuzdaki on yedi aracın sigorta poliçeleri yenilendi.	4.9
x358	number_long	Bu yıl düzenlenen bilim fuarında 63 öğrenci projesi sergilendi.	Bu yıl düzenlenen bilim fuarında altmış üç öğrenci projesi sergilendi.	Bu yıl düzenlenen bilim fuarında altmış üç öğrenci projesi sergilendi.	5.0
x359	number_long	Ödenmemiş 3 aylık aidatlar için velilere ikinci ihtar mektubu gönderildi.	Ödenmemiş üç aylık aidatlar için velilere ikinci ihtar mektubu gönderildi.	Ödenmemiş üç aylık aidatlar için velilere ikinci ihtar mektubu gönderildi.	5.3
x360	number_long	Eylül ayında yapılan kayıtların %40'ı çevrim içi başvuru ile tamamlandı.	Eylül ayında yapılan kayıtların yüzde kırkı çevrim içi başvuru ile tamamlandı.	Eylül ayında yapılan kayıtların yüzde kırkı çevrim içi başvuru ile tamamlandı.	5.6
x361	question_long	Bu ayın bordro hesaplamaları tamamlandıktan sonra ödeme dosyasını kim onaylayacak?	Bu ayın bordro hesaplamaları tamamlandıktan sonra ödeme dosyasını kim onaylayacak?	Bu ayın bordro hesaplamaları tamamlandıktan sonra ödeme dosyasını kim onaylayacak?	5.9
x362	question_long	Veli toplantısının tarihini değiştirmek için hangi birimle iletişime geçmeliyim?	Veli toplantısının tarihini değiştirmek için hangi birimle iletişime geçmeliyim?	Veli toplantısının tarihini değiştirmek için hangi birimle iletişime geçmeliyim?	5.7
x363	question_long	Öğrencinin ödeme planındaki taksit sayısını sonradan artırmak mümkün müdür?	Öğrencinin ödeme planındaki taksit sayısını sonradan artırmak mümkün müdür?	Öğrencinin ödeme planındaki taksit sayısını sonradan artırmak mümkün müdür?	5.4
x364	question_long	Depoda eksik çıkan ürünler için stok düzeltme fişini kimin onaylaması gerekiyor?	Depoda eksik çıkan ürünler için stok düzeltme fişini kimin onaylaması gerekiyor?	Depoda eksik çıkan ürünler için stok düzeltme fişini kimin onaylaması gerekiyor?	5.7
x365	question_long	Kayıt yenileme işlemini çevrim içi olarak tamamlayamayan veliler ne yapmalı?	Kayıt yenileme işlemini çevrim içi olarak tamamlayamayan veliler ne yapmalı?	Kayıt yenileme işlemini çevrim içi olarak tamamlayamayan veliler ne yapmalı?	5.4
x366	question_long	Satın alma talebimin hangi onay aşamasında beklediğini nereden görebilirim?	Satın alma talebimin hangi onay aşamasında beklediğini nereden görebilirim?	Satın alma talebimin hangi onay aşamasında beklediğini nereden görebilirim?	5.4
x367	question_long	Geçmiş dönemlere ait not çizelgelerine sistem üzerinden ulaşabilir miyiz?	Geçmiş dönemlere ait not çizelgelerine sistem üzerinden ulaşabilir miyiz?	Geçmiş dönemlere ait not çizelgelerine sistem üzerinden ulaşabilir miyiz?	5.2
x368	question_long	Müşterinin risk limitini geçici olarak yükseltmek için kimden onay almalıyım?	Müşterinin risk limitini geçici olarak yükseltmek için kimden onay almalıyım?	Müşterinin risk limitini geçici olarak yükseltmek için kimden onay almalıyım?	5.5
x369	question_long	Servis güzergahında yapılan değişiklik velilere ne zaman bildirilecek?	Servis güzergahında yapılan değişiklik velilere ne zaman bildirilecek?	Servis güzergahında yapılan değişiklik velilere ne zaman bildirilecek?	5.0
x370	question_long	Yıllık izin talebimi onaylandıktan sonra iptal etmek mümkün olur mu?	Yıllık izin talebimi onaylandıktan sonra iptal etmek mümkün olur mu?	Yıllık izin talebimi onaylandıktan sonra iptal etmek mümkün olur mu?	4.9
x371	question_long	Yeni personelin sisteme erişim yetkileri hangi tarihte tanımlanmış olacak?	Yeni personelin sisteme erişim yetkileri hangi tarihte tanımlanmış olacak?	Yeni personelin sisteme erişim yetkileri hangi tarihte tanımlanmış olacak?	5.3
x372	question_long	Sınav sonuçlarına itiraz etmek isteyen öğrenciler başvurularını nereye yapmalı?	Sınav sonuçlarına itiraz etmek isteyen öğrenciler başvurularını nereye yapmalı?	Sınav sonuçlarına itiraz etmek isteyen öğrenciler başvurularını nereye yapmalı?	5.6
x373	question_long	Tedarikçiden gelen faturada fiyat farkı olduğunda nasıl bir yol izlemeliyiz?	Tedarikçiden gelen faturada fiyat farkı olduğunda nasıl bir yol izlemeliyiz?	Tedarikçiden gelen faturada fiyat farkı olduğunda nasıl bir yol izlemeliyiz?	5.4
x374	question_long	Kardeş indirimi her iki öğrencinin ödeme planına da uygulanıyor mu?	Kardeş indirimi her iki öğrencinin ödeme planına da uygulanıyor mu?	Kardeş indirimi her iki öğrencinin ödeme planına da uygulanıyor mu?	4.8
x375	question_long	Dönem sonu kapanış işlemleri başlamadan önce hangi raporları kontrol etmeliyiz?	Dönem sonu kapanış işlemleri başlamadan önce hangi raporları kontrol etmeliyiz?	Dönem sonu kapanış işlemleri başlamadan önce hangi raporları kontrol etmeliyiz?	5.6
x376	question_long	Velinin telefon numarası değiştiğinde bu bilgiyi kim güncelleyebilir?	Velinin telefon numarası değiştiğinde bu bilgiyi kim güncelleyebilir?	Velinin telefon numarası değiştiğinde bu bilgiyi kim güncelleyebilir?	4.9
x377	question_long	Hatalı kesilen bir satış faturasını iptal etmek için hangi adımları izlemeliyim?	Hatalı kesilen bir satış faturasını iptal etmek için hangi adımları izlemeliyim?	Hatalı kesilen bir satış faturasını iptal etmek için hangi adımları izlemeliyim?	5.7
x378	question_long	Öğrenci nakil belgeleri diğer okula hangi yolla gönderilmektedir?	Öğrenci nakil belgeleri diğer okula hangi yolla gönderilmektedir?	Öğrenci nakil belgeleri diğer okula hangi yolla gönderilmektedir?	4.6
x379	question_long	Fazla mesai talepleri bordroya yansıtılmadan önce kim tarafından kontrol ediliyor?	Fazla mesai talepleri bordroya yansıtılmadan önce kim tarafından kontrol ediliyor?	Fazla mesai talepleri bordroya yansıtılmadan önce kim tarafından kontrol ediliyor?	5.9
x380	question_long	Kütüphaneden alınan kitabın süresini sistem üzerinden uzatabilir miyim?	Kütüphaneden alınan kitabın süresini sistem üzerinden uzatabilir miyim?	Kütüphaneden alınan kitabın süresini sistem üzerinden uzatabilir miyim?	5.1
x381	question_long	Kampanya kapsamında verilen indirimler hangi tarihe kadar geçerli olacak?	Kampanya kapsamında verilen indirimler hangi tarihe kadar geçerli olacak?	Kampanya kapsamında verilen indirimler hangi tarihe kadar geçerli olacak?	5.2
x382	question_long	Toplu ödeme dosyasında hata çıkarsa bankaya yeniden gönderim nasıl yapılır?	Toplu ödeme dosyasında hata çıkarsa bankaya yeniden gönderim nasıl yapılır?	Toplu ödeme dosyasında hata çıkarsa bankaya yeniden gönderim nasıl yapılır?	5.4
x383	question_long	Bekleyen siparişlerin teslim tarihlerini müşteriye kim bildirecek?	Bekleyen siparişlerin teslim tarihlerini müşteriye kim bildirecek?	Bekleyen siparişlerin teslim tarihlerini müşteriye kim bildirecek?	4.7
x384	question_long	Ders programında yapılan değişiklikler öğretmenlere otomatik olarak bildiriliyor mu?	Ders programında yapılan değişiklikler öğretmenlere otomatik olarak bildiriliyor mu?	Ders programında yapılan değişiklikler öğretmenlere otomatik olarak bildiriliyor mu?	6.0
x385	question_long	Kasa sayımında fark çıktığında tutanağı kimin imzalaması gerekiyor?	Kasa sayımında fark çıktığında tutanağı kimin imzalaması gerekiyor?	Kasa sayımında fark çıktığında tutanağı kimin imzalaması gerekiyor?	4.8
x386	question_long	Rehberlik servisinden randevu almak için veliler hangi ekranı kullanmalı?	Rehberlik servisinden randevu almak için veliler hangi ekranı kullanmalı?	Rehberlik servisinden randevu almak için veliler hangi ekranı kullanmalı?	5.2
x387	question_long	Demirbaş kartı açılmadan satın alınan cihaz kullanıma verilebilir mi?	Demirbaş kartı açılmadan satın alınan cihaz kullanıma verilebilir mi?	Demirbaş kartı açılmadan satın alınan cihaz kullanıma verilebilir mi?	4.9
x388	question_long	Mezun öğrencinin transkript talebi kaç iş günü içinde hazırlanmaktadır?	Mezun öğrencinin transkript talebi kaç iş günü içinde hazırlanmaktadır?	Mezun öğrencinin transkript talebi kaç iş günü içinde hazırlanmaktadır?	5.1
x389	question_long	Bütçesi aşılan bir masraf merkezinden yeni harcama yapılmasına izin veriliyor mu?	Bütçesi aşılan bir masraf merkezinden yeni harcama yapılmasına izin veriliyor mu?	Bütçesi aşılan bir masraf merkezinden yeni harcama yapılmasına izin veriliyor mu?	5.8
x390	question_long	Yeni dönem ücret tarifesi velilere hangi kanallar üzerinden duyurulacak?	Yeni dönem ücret tarifesi velilere hangi kanallar üzerinden duyurulacak?	Yeni dönem ücret tarifesi velilere hangi kanallar üzerinden duyurulacak?	5.1
x391	question_long	Hatalı girilen devamsızlık kaydını öğretmen kendisi düzeltebiliyor mu?	Hatalı girilen devamsızlık kaydını öğretmen kendisi düzeltebiliyor mu?	Hatalı girilen devamsızlık kaydını öğretmen kendisi düzeltebiliyor mu?	5.0
x392	question_long	İade edilen ürünler için müşteriye alacak dekontu ne zaman gönderilecek?	İade edilen ürünler için müşteriye alacak dekontu ne zaman gönderilecek?	İade edilen ürünler için müşteriye alacak dekontu ne zaman gönderilecek?	5.1
x393	question_long	Banka hareketleriyle eşleşmeyen tahsilatlar hangi listede takip ediliyor?	Banka hareketleriyle eşleşmeyen tahsilatlar hangi listede takip ediliyor?	Banka hareketleriyle eşleşmeyen tahsilatlar hangi listede takip ediliyor?	5.2
x394	question_long	Burs başvurusu reddedilen öğrencilerin velilerine gerekçe bildiriliyor mu?	Burs başvurusu reddedilen öğrencilerin velilerine gerekçe bildiriliyor mu?	Burs başvurusu reddedilen öğrencilerin velilerine gerekçe bildiriliyor mu?	5.3
x395	question_long	Sistem bakım çalışması sırasında acil işlemler için hangi yol izlenecek?	Sistem bakım çalışması sırasında acil işlemler için hangi yol izlenecek?	Sistem bakım çalışması sırasında acil işlemler için hangi yol izlenecek?	5.1
x396	question_long	Geçici şifre ile giriş yapan kullanıcıdan şifre değişikliği isteniyor mu?	Geçici şifre ile giriş yapan kullanıcıdan şifre değişikliği isteniyor mu?	Geçici şifre ile giriş yapan kullanıcıdan şifre değişikliği isteniyor mu?	5.2
x397	question_long	Teklif süresi dolmuş bir teklifi yeniden geçerli hale getirmek mümkün mü?	Teklif süresi dolmuş bir teklifi yeniden geçerli hale getirmek mümkün mü?	Teklif süresi dolmuş bir teklifi yeniden geçerli hale getirmek mümkün mü?	5.2
x398	question_long	Öğle yemeği menüsündeki değişiklikler velilere önceden haber veriliyor mu?	Öğle yemeği menüsündeki değişiklikler velilere önceden haber veriliyor mu?	Öğle yemeği menüsündeki değişiklikler velilere önceden haber veriliyor mu?	5.3
x399	question_long	Yıl sonu stok sayımı için depolar hangi tarihte işlemlere kapatılacak?	Yıl sonu stok sayımı için depolar hangi tarihte işlemlere kapatılacak?	Yıl sonu stok sayımı için depolar hangi tarihte işlemlere kapatılacak?	5.0
x400	question_long	Yeni açılan şubenin hesap kodlarını tanımlama yetkisi kimde bulunuyor?	Yeni açılan şubenin hesap kodlarını tanımlama yetkisi kimde bulunuyor?	Yeni açılan şubenin hesap kodlarını tanımlama yetkisi kimde bulunuyor?	5.0
